-- phpMyAdmin SQL Dump
-- version 4.1.14
-- http://www.phpmyadmin.net
--
-- Host: 127.0.0.1
-- Generation Time: Jan 07, 2017 at 10:20 AM
-- Server version: 5.6.17
-- PHP Version: 5.5.12

SET SQL_MODE = "NO_AUTO_VALUE_ON_ZERO";
SET time_zone = "+00:00";


/*!40101 SET @OLD_CHARACTER_SET_CLIENT=@@CHARACTER_SET_CLIENT */;
/*!40101 SET @OLD_CHARACTER_SET_RESULTS=@@CHARACTER_SET_RESULTS */;
/*!40101 SET @OLD_COLLATION_CONNECTION=@@COLLATION_CONNECTION */;
/*!40101 SET NAMES utf8 */;

--
-- Database: `pmis`
--

-- --------------------------------------------------------

--
-- Table structure for table `ati_modules`
--

CREATE TABLE IF NOT EXISTS `ati_modules` (
  `MODULE_ID` int(11) NOT NULL AUTO_INCREMENT,
  `MODULE_NAME` varchar(70) NOT NULL,
  `SHORT_NAME` char(10) NOT NULL,
  `MODULE_NAME_BN` varchar(500) DEFAULT NULL,
  `CATEGORY` varchar(60) NOT NULL,
  `SL_NO` tinyint(2) NOT NULL,
  `ACTIVE_STATUS` tinyint(1) DEFAULT '1',
  `ENTERED_BY` int(10) DEFAULT NULL,
  `ENTRY_TIMESTAMP` datetime DEFAULT NULL,
  `UPDATE_BY` int(10) DEFAULT NULL,
  `UPDATED_TIMESTAMP` datetime DEFAULT NULL,
  PRIMARY KEY (`MODULE_ID`)
) ENGINE=InnoDB  DEFAULT CHARSET=utf8 AUTO_INCREMENT=21 ;

--
-- Dumping data for table `ati_modules`
--

INSERT INTO `ati_modules` (`MODULE_ID`, `MODULE_NAME`, `SHORT_NAME`, `MODULE_NAME_BN`, `CATEGORY`, `SL_NO`, `ACTIVE_STATUS`, `ENTERED_BY`, `ENTRY_TIMESTAMP`, `UPDATE_BY`, `UPDATED_TIMESTAMP`) VALUES
(1, 'Security & Access', 'SA', '', '', 1, 1, 1, '2015-06-02 10:48:03', NULL, '2015-09-23 10:45:13'),
(12, 'Procurement', 'PR', '', '', 2, 1, 1, '2015-08-06 04:17:20', NULL, '2015-09-23 10:51:43'),
(13, 'M & E', 'ME', '', '', 3, 1, 1, '2015-08-06 04:17:47', NULL, '2015-09-23 10:50:23'),
(14, 'M & E Setup', 'MES', '', '', 4, 1, 1, '2015-08-06 04:18:11', NULL, '2015-09-23 10:53:06'),
(15, 'Sub Project', 'SP', '', '', 5, 1, 1, '2015-08-06 04:18:45', NULL, '2015-09-23 10:50:42'),
(16, 'Accounts', 'AC', '', '', 6, 1, 1, '2015-08-06 04:19:02', NULL, '2015-09-23 10:50:52'),
(17, 'Accounts setup', 'ACS', '', '', 7, 1, 1, '2015-08-06 04:19:23', NULL, '2015-09-23 10:52:55'),
(18, 'AIF', 'AIF', 'AIF', '', 2, 1, 1, '2015-09-14 08:42:46', NULL, '2015-09-23 10:51:03'),
(19, 'Production', 'Production', '', '', 9, 1, 1, NULL, NULL, NULL),
(20, 'Test Module', 'TM', '', '', 5, 1, 1, NULL, NULL, NULL);

-- --------------------------------------------------------

--
-- Table structure for table `ati_module_links`
--

CREATE TABLE IF NOT EXISTS `ati_module_links` (
  `LINK_ID` int(11) NOT NULL AUTO_INCREMENT,
  `LINK_NAME` varchar(60) NOT NULL,
  `LINK_NAME_BN` varchar(500) DEFAULT NULL,
  `ATI_MLINK_PAGES` varchar(10) DEFAULT NULL,
  `MODULE_ID` int(2) DEFAULT NULL,
  `URL_URI` varchar(200) DEFAULT NULL,
  `LINK_DESC` varchar(100) DEFAULT NULL,
  `SL_NO` tinyint(2) NOT NULL,
  `CREATE` tinyint(1) DEFAULT '0',
  `READ` tinyint(1) DEFAULT '0',
  `UPDATE` tinyint(1) DEFAULT '0',
  `DELETE` tinyint(1) DEFAULT '0',
  `STATUS` tinyint(4) DEFAULT NULL,
  `ACTIVE_STATUS` tinyint(1) DEFAULT '1',
  `ENTERED_BY` int(10) DEFAULT NULL,
  `ENTRY_TIMESTAMP` datetime DEFAULT NULL,
  `UPDATE_BY` int(10) DEFAULT NULL,
  `UPDATED_TIMESTAMP` datetime DEFAULT NULL,
  PRIMARY KEY (`LINK_ID`)
) ENGINE=InnoDB  DEFAULT CHARSET=utf8 AUTO_INCREMENT=6 ;

--
-- Dumping data for table `ati_module_links`
--

INSERT INTO `ati_module_links` (`LINK_ID`, `LINK_NAME`, `LINK_NAME_BN`, `ATI_MLINK_PAGES`, `MODULE_ID`, `URL_URI`, `LINK_DESC`, `SL_NO`, `CREATE`, `READ`, `UPDATE`, `DELETE`, `STATUS`, `ACTIVE_STATUS`, `ENTERED_BY`, `ENTRY_TIMESTAMP`, `UPDATE_BY`, `UPDATED_TIMESTAMP`) VALUES
(1, 'Modules', 'মডিউল', 'I,V,U,D,S', 1, 'securityAccess/moduleSetup', NULL, 1, 1, 1, 1, 1, 1, 1, 1, '2015-06-07 08:47:30', 1, '2015-08-06 10:37:15'),
(2, 'Module Links', 'মডিউল লিঙ্ক', 'I,V,U,D,S', 1, 'securityAccess/moduleLinks', NULL, 2, 1, 1, 1, 1, 1, 1, 1, '2015-06-07 08:49:42', 1, '2015-08-06 10:38:06'),
(3, 'Organization Modules', 'অর্গানাইজেশন মডিউল', 'I,V,U,D,S', 1, 'securityAccess/orgModuleSetup', NULL, 3, 1, 1, 1, 1, 1, 1, 1, '2015-06-07 08:51:07', 1, '2015-08-06 10:38:20'),
(4, 'User Groups', 'ইউজার গ্রুপ', 'I,V,U,D,S', 1, 'securityAccess/allGroup', NULL, 4, 1, 1, 1, 1, 1, 1, 1, '2015-06-07 08:52:18', 1, '2015-08-06 10:45:15'),
(5, 'Assign Link to Groups', 'গ্রুপ লিংক নির্ধারিত করুন', 'I,V,U,D,S', 1, 'securityAccess/assignModuleToGroup', NULL, 5, 1, 1, 1, 1, 1, 1, 1, '2015-06-07 08:56:16', 1, '2015-08-06 10:45:02');

-- --------------------------------------------------------

--
-- Table structure for table `sa_dashboard`
--

CREATE TABLE IF NOT EXISTS `sa_dashboard` (
  `DASH_NO` int(11) NOT NULL AUTO_INCREMENT,
  `DASH_FOR` varchar(500) DEFAULT NULL COMMENT '1=HEQEP admin, 2=Accounts, 3 =M & E, 4= Sub project',
  `DASH_NOTE` varchar(500) DEFAULT NULL,
  `DASH_NOTICE` varchar(500) DEFAULT NULL,
  `DASH_ALERT` varchar(500) DEFAULT NULL,
  `VALID_TILL` date DEFAULT NULL,
  `ACTIVE` int(10) unsigned DEFAULT '1',
  `CRE_BY` varchar(30) DEFAULT NULL,
  `CRE_DT` datetime DEFAULT NULL,
  `UPD_BY` varchar(30) DEFAULT NULL,
  `UPD_DT` datetime DEFAULT NULL,
  `ORG_ID` int(11) DEFAULT '1',
  PRIMARY KEY (`DASH_NO`)
) ENGINE=InnoDB  DEFAULT CHARSET=utf8 AUTO_INCREMENT=62 ;

--
-- Dumping data for table `sa_dashboard`
--

INSERT INTO `sa_dashboard` (`DASH_NO`, `DASH_FOR`, `DASH_NOTE`, `DASH_NOTICE`, `DASH_ALERT`, `VALID_TILL`, `ACTIVE`, `CRE_BY`, `CRE_DT`, `UPD_BY`, `UPD_DT`, `ORG_ID`) VALUES
(1, '1', 'Next SPM training/workshop held on 06 January 2016 (10:00-5:00 pm) at UGC Auditorium (5th Floor).', '<span style="line-height: 22.2222px;">Next SPM training/workshop held on 06 January 2016 (10:00-5:00 pm) at UGC Auditorium (5th Floor).</span>', 'Next SPM training/workshop held on 06 January 2016.', '2016-01-06', 1, NULL, '2015-09-02 18:00:00', NULL, '2015-10-28 11:57:46', 1),
(56, '4', 'Please send your Six months report for the period of July to December 2015.(Note). For any kind of technical help please call: 016-74636168', '<ol style="color: rgb(61, 61, 61); font-family: ''Open Sans'', sans-serif; font-size: 13px; line-height: 20.6349px;"><li><span style="line-height: 22.2222px;">Please send your Six months report for the period of July to December 2015.(Note). </span></li><li><span style="line-height: 22.2222px;">For any kind of technical help please call: </span><span style="line-height: 22.2222px;">016-74636168</span><br></li></ol>', 'Please send your Six months report for the period of July to December 2015.>>>>> For any kind of technical help please call: Abdul Karim: 016-74636168.', '2016-06-30', 1, NULL, '2015-09-02 10:15:47', NULL, '0000-00-00 00:00:00', 1),
(61, '3', '<span style="color: rgb(61, 61, 61); font-family: ''Open Sans'', sans-serif; font-size: 13px; line-height: 20.6349px; background-color: rgb(249, 249, 249);">Next SPM training/workshop held on 6th &amp; 7th January 2016 (10:00-5:00 pm).</span><br>', '<ol><li><span style="color: rgb(61, 61, 61); font-family: ''Open Sans'', sans-serif; font-size: 13px; line-height: 20.6349px; background-color: rgb(249, 249, 249);">SPM training/workshop: 6th January 2016 at UGC Auditorium (5th Floor).</span><br></li><li><span style="background-color: rgb(249, 249, 249);"><span style="line-height: 20.6349px;">SPM training/workshop: 7th January 2016 at Computer Lab, Patuakhali Science &amp; Technology University, Dumki Patuakhali.</span><br></span></li></ol>', 'Next SPM training/workshop held on 6th & 7th January 2016 (10:00-5:00 pm).', '2016-01-08', 1, NULL, '2015-10-28 11:59:58', NULL, '2015-10-28 12:14:45', 1);

-- --------------------------------------------------------

--
-- Table structure for table `sa_dashboardchd`
--

CREATE TABLE IF NOT EXISTS `sa_dashboardchd` (
  `DASHCHD_NO` int(10) unsigned NOT NULL AUTO_INCREMENT,
  `DASH_NO` int(10) unsigned DEFAULT NULL COMMENT 'Reference to PR_DASHBOARD',
  `DASH_DESC` varchar(500) DEFAULT NULL,
  `DASH_VALUE` varchar(500) DEFAULT NULL,
  `ACTIVE` int(10) unsigned DEFAULT '1',
  `CRE_BY` int(10) unsigned DEFAULT NULL,
  `CRE_DT` datetime DEFAULT NULL,
  `UPD_BY` int(10) unsigned DEFAULT NULL,
  `UPD_DT` datetime DEFAULT NULL,
  `ORG_ID` int(11) DEFAULT '1',
  PRIMARY KEY (`DASHCHD_NO`)
) ENGINE=InnoDB  DEFAULT CHARSET=utf8 AUTO_INCREMENT=44 ;

--
-- Dumping data for table `sa_dashboardchd`
--

INSERT INTO `sa_dashboardchd` (`DASHCHD_NO`, `DASH_NO`, `DASH_DESC`, `DASH_VALUE`, `ACTIVE`, `CRE_BY`, `CRE_DT`, `UPD_BY`, `UPD_DT`, `ORG_ID`) VALUES
(40, 2, 'Dahsboard Description desh no 2', 'Dahsboard Description desh no 2', 1, NULL, '2015-08-27 10:49:07', NULL, '2015-09-03 08:48:52', 1),
(42, 4, 'Dahsboard Description desh no4', 'Dahsboard Description desh no4', 1, NULL, '2015-08-29 06:55:29', NULL, '2015-08-28 18:00:00', 1),
(43, 56, 'Please send your Six months report for the period of July to December 2015.(Note)', 'Please send your Six months report for the period of July to December 2015.(Note)', 1, NULL, '2015-09-02 10:15:47', NULL, '0000-00-00 00:00:00', 1);

-- --------------------------------------------------------

--
-- Table structure for table `sa_organizations`
--

CREATE TABLE IF NOT EXISTS `sa_organizations` (
  `ORG_ID` int(11) NOT NULL AUTO_INCREMENT,
  `ORG_NAME` varchar(100) NOT NULL,
  `ORG_TYPE` int(11) NOT NULL,
  `SLOGAN` varchar(200) DEFAULT NULL,
  `ABBR` varchar(8) DEFAULT NULL,
  `DSCP` text,
  `REG_NO` varchar(40) DEFAULT NULL,
  `REG_DT` date DEFAULT NULL,
  `ESTB_DT` date DEFAULT NULL,
  `REG_ADDR1` varchar(160) DEFAULT NULL,
  `REG_ADDR2` varchar(160) DEFAULT NULL,
  `BUSI_ADDR1` varchar(160) DEFAULT NULL,
  `BUSI_ADDR2` varchar(160) DEFAULT NULL,
  `ZIP_CODE` varchar(8) DEFAULT NULL,
  `TEL` varchar(80) DEFAULT NULL,
  `PHONE` varchar(80) DEFAULT NULL,
  `FAX` varchar(80) DEFAULT NULL,
  `EMAIL` varchar(40) DEFAULT NULL,
  `WEBSITE` varchar(40) DEFAULT NULL,
  `LOGO` varchar(100) DEFAULT NULL,
  `TIN` varchar(30) DEFAULT NULL,
  `STATUS` tinyint(1) DEFAULT '1',
  `ENTERED_BY` int(10) DEFAULT NULL,
  `ENTRY_TIMESTAMP` datetime DEFAULT NULL,
  `UPDATE_BY` int(10) DEFAULT NULL,
  `UPDATED_TIMESTAMP` datetime DEFAULT NULL,
  PRIMARY KEY (`ORG_ID`)
) ENGINE=InnoDB  DEFAULT CHARSET=utf8 AUTO_INCREMENT=2 ;

--
-- Dumping data for table `sa_organizations`
--

INSERT INTO `sa_organizations` (`ORG_ID`, `ORG_NAME`, `ORG_TYPE`, `SLOGAN`, `ABBR`, `DSCP`, `REG_NO`, `REG_DT`, `ESTB_DT`, `REG_ADDR1`, `REG_ADDR2`, `BUSI_ADDR1`, `BUSI_ADDR2`, `ZIP_CODE`, `TEL`, `PHONE`, `FAX`, `EMAIL`, `WEBSITE`, `LOGO`, `TIN`, `STATUS`, `ENTERED_BY`, `ENTRY_TIMESTAMP`, `UPDATE_BY`, `UPDATED_TIMESTAMP`) VALUES
(1, 'PMIS', 1, NULL, NULL, NULL, NULL, NULL, NULL, NULL, NULL, NULL, NULL, NULL, NULL, NULL, NULL, NULL, NULL, 'HEQEPLogoPng.png', NULL, 1, 1, '2015-05-11 12:00:00', NULL, NULL);

-- --------------------------------------------------------

--
-- Table structure for table `sa_org_mlinks`
--

CREATE TABLE IF NOT EXISTS `sa_org_mlinks` (
  `SA_MLINKS_ID` int(11) NOT NULL AUTO_INCREMENT,
  `SA_MLINK_NAME` varchar(60) DEFAULT NULL,
  `SA_MLINK_PAGES` varchar(10) DEFAULT NULL,
  `SA_MODULE_ID` int(11) DEFAULT NULL,
  `ORG_ID` int(11) DEFAULT NULL,
  `LINK_ID` int(7) DEFAULT NULL,
  `URL_URI` varchar(200) DEFAULT NULL,
  `CREATE` tinyint(1) DEFAULT '0',
  `READ` tinyint(1) DEFAULT '0',
  `UPDATE` tinyint(1) DEFAULT '0',
  `DELETE` tinyint(1) DEFAULT '0',
  `STATUS` tinyint(4) DEFAULT NULL,
  `ACTIVE_STATUS` tinyint(1) DEFAULT '1',
  `ENTERED_BY` int(10) DEFAULT NULL,
  `ENTRY_TIMESTAMP` datetime DEFAULT NULL,
  `UPDATE_BY` int(10) DEFAULT NULL,
  `UPDATED_TIMESTAMP` datetime DEFAULT NULL,
  PRIMARY KEY (`SA_MLINKS_ID`),
  KEY `FK02_ORG_ID` (`ORG_ID`),
  KEY `FK01_SA_MODULE_ID` (`SA_MODULE_ID`)
) ENGINE=InnoDB  DEFAULT CHARSET=utf8 AUTO_INCREMENT=104 ;

--
-- Dumping data for table `sa_org_mlinks`
--

INSERT INTO `sa_org_mlinks` (`SA_MLINKS_ID`, `SA_MLINK_NAME`, `SA_MLINK_PAGES`, `SA_MODULE_ID`, `ORG_ID`, `LINK_ID`, `URL_URI`, `CREATE`, `READ`, `UPDATE`, `DELETE`, `STATUS`, `ACTIVE_STATUS`, `ENTERED_BY`, `ENTRY_TIMESTAMP`, `UPDATE_BY`, `UPDATED_TIMESTAMP`) VALUES
(1, NULL, NULL, 20, 1, 1, NULL, 1, 1, 1, 2, 1, 1, 2, '2015-08-06 04:20:30', 2, '2015-08-06 06:21:46'),
(2, NULL, NULL, 20, 1, 2, NULL, 1, 1, 1, 2, 1, 1, 2, '2015-08-06 04:20:35', 2, '2015-08-06 06:21:47'),
(3, NULL, NULL, 20, 1, 3, NULL, 1, 1, 1, 2, 1, 1, 2, '2015-08-06 04:20:39', 2, '2015-08-06 06:21:47'),
(4, NULL, NULL, 20, 1, 4, NULL, 1, 1, 1, 2, 1, 1, 2, '2015-08-06 04:20:45', 2, '2015-08-06 06:21:48'),
(5, NULL, NULL, 20, 1, 5, NULL, 1, 1, 1, 2, 1, 1, 2, '2015-08-06 04:20:50', 2, '2015-08-06 06:21:49'),
(6, NULL, NULL, 22, 1, 19, NULL, 2, 2, 2, 0, 1, 1, 1, '2015-08-06 06:39:58', 1, '2016-11-08 17:07:50'),
(7, NULL, NULL, 22, 1, 20, NULL, 1, 0, 0, 0, 0, 1, 1, '2015-08-06 06:40:03', NULL, NULL),
(8, NULL, NULL, 22, 1, 21, NULL, 1, 1, 1, 0, 1, 1, 1, '2015-08-06 06:40:51', 1, '2015-08-06 08:40:51'),
(9, NULL, NULL, 22, 1, 22, NULL, 1, 0, 0, 0, 0, 1, 1, '2015-08-06 06:40:56', NULL, NULL),
(10, NULL, NULL, 22, 1, 23, NULL, 1, 1, 0, 0, 1, 1, 1, '2015-08-06 06:40:59', 1, '2015-08-06 08:41:00'),
(11, NULL, NULL, 23, 1, 24, NULL, 1, 1, 1, 0, 1, 1, 1, '2015-08-06 06:41:14', 1, '2015-08-06 08:41:21'),
(12, NULL, NULL, 23, 1, 25, NULL, 1, 1, 1, 0, 1, 1, 1, '2015-08-06 06:41:26', 1, '2015-08-06 08:41:27'),
(13, NULL, NULL, 23, 1, 26, NULL, 1, 1, 1, 0, 1, 1, 1, '2015-08-06 06:41:31', 1, '2015-08-06 08:41:30'),
(14, NULL, NULL, 23, 1, 27, NULL, 1, 1, 1, 0, 1, 1, 1, '2015-08-06 06:41:35', 1, '2015-08-06 08:41:34'),
(15, NULL, NULL, 23, 1, 28, NULL, 2, 2, 2, 0, 1, 1, 1, '2015-08-06 06:41:40', 1, '2016-11-08 16:58:10'),
(16, NULL, NULL, 23, 1, 29, NULL, 1, 1, 1, 0, 1, 1, 1, '2015-08-06 06:41:45', 1, '2015-08-06 08:41:44'),
(17, NULL, NULL, 23, 1, 30, NULL, 1, 1, 1, 0, 1, 1, 1, '2015-08-06 06:41:49', 1, '2015-08-06 08:41:48'),
(18, NULL, NULL, 23, 1, 31, NULL, 1, 1, 1, 0, 1, 1, 1, '2015-08-06 06:41:53', 1, '2015-08-06 08:41:53'),
(19, NULL, NULL, 23, 1, 32, NULL, 1, 1, 1, 1, 1, 1, 1, '2015-08-06 06:41:58', 1, '2015-08-06 08:42:02'),
(20, NULL, NULL, 23, 1, 33, NULL, 1, 1, 1, 0, 1, 1, 1, '2015-08-06 06:42:07', 1, '2015-08-06 08:42:06'),
(21, NULL, NULL, 24, 1, 34, NULL, 1, 0, 0, 0, 0, 1, 1, '2015-08-06 06:42:14', NULL, NULL),
(22, NULL, NULL, 24, 1, 35, NULL, 0, 1, 0, 0, 0, 1, 1, '2015-08-06 06:42:24', NULL, NULL),
(23, NULL, NULL, 24, 1, 36, NULL, 1, 1, 0, 0, 1, 1, 1, '2015-08-06 06:44:55', 1, '2015-08-06 08:44:58'),
(24, NULL, NULL, 24, 1, 37, NULL, 1, 1, 1, 0, 1, 1, 1, '2015-08-06 06:45:03', 1, '2015-08-06 08:45:04'),
(25, NULL, NULL, 24, 1, 38, NULL, 1, 1, 1, 0, 1, 1, 1, '2015-08-06 06:45:09', 1, '2015-08-06 08:45:08'),
(26, NULL, NULL, 24, 1, 39, NULL, 1, 1, 1, 0, 1, 1, 1, '2015-08-06 06:45:13', 1, '2015-08-06 08:45:13'),
(27, NULL, NULL, 24, 1, 40, NULL, 1, 1, 0, 0, 1, 1, 1, '2015-08-06 06:45:18', 1, '2015-08-06 08:45:17'),
(28, NULL, NULL, 25, 1, 41, NULL, 1, 1, 0, 0, 1, 1, 1, '2015-08-06 06:46:02', 1, '2015-08-06 08:46:06'),
(29, NULL, NULL, 25, 1, 42, NULL, 1, 1, 1, 0, 1, 1, 1, '2015-08-06 06:46:11', 1, '2015-08-06 08:46:12'),
(30, NULL, NULL, 25, 1, 43, NULL, 1, 1, 1, 0, 1, 1, 1, '2015-08-06 06:46:17', 1, '2015-08-06 08:46:16'),
(31, NULL, NULL, 25, 1, 44, NULL, 1, 1, 1, 0, 1, 1, 1, '2015-08-06 06:46:23', 1, '2015-08-06 08:46:23'),
(32, NULL, NULL, 25, 1, 45, NULL, 1, 1, 1, 0, 1, 1, 1, '2015-08-06 06:46:28', 1, '2015-08-06 08:46:27'),
(33, NULL, NULL, 25, 1, 46, NULL, 1, 1, 0, 0, 1, 1, 1, '2015-08-06 06:46:38', 1, '2015-08-06 08:46:43'),
(34, NULL, NULL, 26, 1, 47, NULL, 0, 1, 0, 0, 0, 1, 1, '2015-08-06 06:46:50', NULL, NULL),
(35, NULL, NULL, 26, 1, 48, NULL, 1, 1, 1, 0, 1, 1, 1, '2015-08-06 06:46:51', 1, '2015-08-06 08:46:51'),
(36, NULL, NULL, 26, 1, 49, NULL, 0, 1, 0, 0, 0, 1, 1, '2015-08-06 06:47:59', NULL, NULL),
(37, NULL, NULL, 26, 1, 50, NULL, 1, 1, 1, 0, 1, 1, 1, '2015-08-06 06:48:01', 1, '2015-08-06 08:48:00'),
(38, NULL, NULL, 26, 1, 51, NULL, 1, 1, 1, 0, 1, 1, 1, '2015-08-06 06:48:07', 1, '2015-08-06 08:48:06'),
(39, NULL, NULL, 26, 1, 52, NULL, 1, 1, 1, 0, 1, 1, 1, '2015-08-06 06:48:11', 1, '2015-08-06 08:48:10'),
(40, NULL, NULL, 26, 1, 53, NULL, 1, 1, 1, 1, 1, 1, 1, '2015-08-06 06:48:15', 1, '2015-08-06 08:48:14'),
(41, NULL, NULL, 26, 1, 54, NULL, 1, 1, 1, 0, 1, 1, 1, '2015-08-06 06:48:19', 1, '2015-08-06 08:48:18'),
(42, NULL, NULL, 26, 1, 55, NULL, 1, 1, 1, 0, 1, 1, 1, '2015-08-06 06:48:23', 1, '2015-08-06 08:48:29'),
(43, NULL, NULL, 26, 1, 56, NULL, 1, 1, 1, 0, 1, 1, 1, '2015-08-06 06:48:34', 1, '2015-08-06 08:48:33'),
(44, NULL, NULL, 26, 1, 57, NULL, 1, 1, 1, 0, 1, 1, 1, '2015-08-06 06:48:38', 1, '2015-08-06 08:48:37'),
(45, NULL, NULL, 26, 1, 58, NULL, 1, 1, 1, 0, 1, 1, 1, '2015-08-09 08:27:00', 1, '2015-08-09 10:26:57'),
(46, NULL, NULL, 26, 1, 59, NULL, 1, 1, 1, 0, 1, 1, 1, '2015-08-11 09:46:29', 1, '2015-08-25 16:43:56'),
(47, NULL, NULL, 25, 1, 60, NULL, 1, 1, 1, 0, 1, 1, 1, '2015-08-11 10:41:16', 1, '2015-08-11 16:41:15'),
(48, NULL, NULL, 25, 1, 61, NULL, 1, 1, 1, 0, 1, 1, 1, '2015-08-12 06:11:34', 1, '2015-08-12 08:11:33'),
(49, NULL, NULL, 22, 1, 62, NULL, 1, 1, 0, 0, 1, 1, 1, '2015-08-17 09:24:33', 1, '2015-08-17 11:24:35'),
(50, NULL, NULL, 22, 1, 63, NULL, 1, 1, 0, 0, 1, 1, 1, '2015-08-17 10:52:04', 1, '2015-08-17 12:52:04'),
(51, NULL, NULL, 24, 1, 64, NULL, 1, 1, 0, 0, 1, 1, 1, '2015-08-20 09:53:05', 1, '2015-08-20 11:53:39'),
(52, NULL, NULL, 23, 1, 65, NULL, 1, 1, 1, 1, 1, 1, 1, '2015-08-26 10:00:49', 1, '2015-08-26 16:02:05'),
(53, NULL, NULL, 24, 1, 66, NULL, 1, 1, 1, 1, 1, 1, 1, '2015-09-03 09:07:49', 1, '2015-09-03 15:07:44'),
(54, NULL, NULL, 25, 1, 67, NULL, 1, 1, 1, 0, 1, 1, 1, '2015-09-06 12:09:44', 1, '2015-09-06 18:09:46'),
(55, NULL, NULL, 24, 1, 68, NULL, 1, 1, 1, 0, 0, 1, 1, '2015-09-07 12:44:32', 1, '2015-09-07 14:44:33'),
(56, NULL, NULL, 24, 1, 69, NULL, 1, 1, 1, 0, 0, 1, 1, '2015-09-07 12:44:35', 1, '2015-09-07 14:44:34'),
(57, NULL, NULL, 25, 1, 70, NULL, 1, 1, 1, 1, 1, 1, 1, '2015-09-11 05:10:56', 1, '2015-09-11 11:10:52'),
(58, NULL, NULL, 25, 1, 71, NULL, 0, 1, 0, 0, 1, 1, 1, '2015-09-12 05:31:06', 1, '2015-09-12 07:30:59'),
(59, NULL, NULL, 25, 1, 72, NULL, 0, 1, 0, 0, 1, 1, 1, '2015-09-12 05:31:07', 1, '2015-09-12 07:31:01'),
(60, NULL, NULL, 25, 1, 73, NULL, 0, 1, 0, 0, 1, 1, 1, '2015-09-12 05:31:09', 1, '2015-09-12 07:31:02'),
(61, NULL, NULL, 25, 1, 74, NULL, 0, 1, 0, 0, 1, 1, 1, '2015-09-12 05:31:10', 1, '2015-09-12 07:31:04'),
(62, NULL, NULL, 25, 1, 75, NULL, 1, 1, 1, 0, 1, 1, 1, '2015-09-13 07:06:40', 1, '2015-09-13 13:06:38'),
(63, NULL, NULL, 25, 1, 76, NULL, 1, 1, 1, 0, 1, 1, 1, '2015-09-13 07:06:43', 1, '2015-09-13 13:06:40'),
(64, NULL, NULL, 25, 1, 77, NULL, 1, 1, 1, 0, 1, 1, 1, '2015-09-14 04:02:23', 1, '2015-09-14 10:02:24'),
(65, NULL, NULL, 26, 1, 78, NULL, 1, 1, 1, 0, 1, 1, 1, '2015-09-14 04:05:41', 1, '2015-09-14 10:05:42'),
(66, NULL, NULL, 27, 1, 79, NULL, 1, 1, 1, 0, 1, 1, 1, '2015-09-14 08:45:54', 1, '2015-09-14 14:45:54'),
(67, NULL, NULL, 23, 1, 80, NULL, 1, 1, 1, 0, 1, 1, 1, '2015-09-14 10:12:34', 1, '2015-09-14 16:12:35'),
(68, NULL, NULL, 21, 1, 81, NULL, 1, 1, 1, 0, 1, 1, 1, '2015-09-15 12:23:46', 1, '2015-09-15 14:23:46'),
(69, NULL, NULL, 21, 1, 82, NULL, 1, 1, 1, 1, 1, 1, 1, '2015-09-20 04:02:34', 1, '2015-09-20 10:02:33'),
(70, NULL, NULL, 24, 1, 83, NULL, 1, 1, 1, 0, 0, 1, 1, '2015-09-20 08:12:10', 1, '2015-09-20 14:12:07'),
(71, NULL, NULL, 21, 1, 84, NULL, 1, 1, 0, 0, 1, 1, 1, '2015-09-21 06:05:07', 1, '2015-09-21 12:05:10'),
(72, NULL, NULL, 27, 1, 85, NULL, 2, 2, 2, 0, 2, 1, 1, '2015-09-23 03:51:04', 1, '2016-11-08 16:55:03'),
(73, NULL, NULL, 24, 1, 86, NULL, 1, 1, 1, 0, 1, 1, 1, '2015-09-23 05:25:44', 1, '2015-09-23 11:25:44'),
(74, NULL, NULL, 20, 1, 87, NULL, 1, 1, 1, 0, 1, 1, 1, '2015-10-01 06:01:07', 1, '2015-10-01 12:01:06'),
(75, NULL, NULL, 27, 1, 88, NULL, 1, 1, 1, 1, 1, 1, 1, '2015-10-03 09:33:10', 1, '2015-10-03 15:33:06'),
(76, NULL, NULL, 26, 1, 89, NULL, 1, 1, 1, 1, 1, 1, 1, '2015-10-04 04:24:40', 1, '2015-10-04 10:24:38'),
(77, NULL, NULL, 27, 1, 90, NULL, 1, 1, 1, 0, 1, 1, 1, '2015-10-04 09:45:18', 1, '2015-10-04 15:45:15'),
(78, NULL, NULL, 26, 1, 91, NULL, 1, 1, 1, 1, 1, 1, 1, '2015-10-06 10:57:32', 1, '2015-10-06 16:57:36'),
(79, NULL, NULL, 24, 1, 92, NULL, 1, 1, 1, 0, 1, 1, 1, '2015-10-08 04:20:02', 1, '2015-10-08 10:19:53'),
(80, NULL, NULL, 24, 1, 93, NULL, 1, 1, 1, 0, 1, 1, 1, '2015-10-08 08:48:06', 1, '2015-10-08 14:47:57'),
(81, NULL, NULL, 24, 1, 94, NULL, 1, 1, 1, 1, 1, 1, 1, '2015-10-10 03:57:45', 1, '2015-10-10 09:57:44'),
(82, NULL, NULL, 25, 1, 95, NULL, 1, 1, 1, 0, 1, 1, 1, '2015-10-13 06:27:49', 1, '2015-10-13 12:27:51'),
(83, NULL, NULL, 26, 1, 96, NULL, 1, 0, 0, 0, 0, 1, 1, '2015-10-19 07:07:08', NULL, NULL),
(84, NULL, NULL, 24, 1, 97, NULL, 1, 1, 1, 0, 0, 1, 1, '2015-10-19 12:43:12', 1, '2015-10-19 18:43:12'),
(85, NULL, NULL, 22, 1, 98, NULL, 1, 1, 0, 0, 1, 1, 1, '2015-10-20 05:48:00', 1, '2015-10-20 11:48:03'),
(86, NULL, NULL, 26, 1, 99, NULL, 0, 1, 1, 0, 0, 1, 1, '2015-10-30 10:45:15', 1, '2015-10-30 16:45:11'),
(87, NULL, NULL, 24, 1, 100, NULL, 1, 1, 1, 0, 1, 1, 1, '2015-11-02 11:01:26', 1, '2015-11-02 17:01:26'),
(88, NULL, NULL, 24, 1, 101, NULL, 1, 1, 1, 0, 1, 1, 1, '2015-11-02 11:01:29', 1, '2015-11-02 17:01:29'),
(89, NULL, NULL, 24, 1, 102, NULL, 1, 1, 1, 0, 1, 1, 1, '2015-11-02 11:01:32', 1, '2015-11-02 17:01:32'),
(90, NULL, NULL, 26, 1, 103, NULL, 1, 1, 1, 0, 1, 1, 1, '2015-11-02 11:52:05', 1, '2015-11-03 12:17:31'),
(91, NULL, NULL, 26, 1, 104, NULL, 1, 1, 1, 0, 1, 1, 1, '2015-11-03 03:22:15', 1, '2015-11-03 12:19:13'),
(92, NULL, NULL, 24, 1, 105, NULL, 1, 1, 1, 0, 1, 1, 1, '2015-11-04 10:56:08', 1, '2015-11-04 16:56:03'),
(93, NULL, NULL, 24, 1, 106, NULL, 1, 1, 1, 0, 1, 1, 1, '2015-11-17 04:36:22', 1, '2015-11-17 10:36:23'),
(94, NULL, NULL, 21, 1, 107, NULL, 1, 1, 1, 0, 1, 1, 1, '2015-11-26 10:44:30', 1, '2015-11-26 16:44:25'),
(95, NULL, NULL, 22, 1, 108, NULL, 1, 1, 0, 0, 1, 1, 1, '2015-12-03 10:41:36', 1, '2015-12-03 16:41:51'),
(96, NULL, NULL, 23, 1, 109, NULL, 1, 1, 1, 1, 1, 1, 1, '2015-12-06 06:09:28', 1, '2015-12-06 12:09:30'),
(97, NULL, NULL, 25, 1, 110, NULL, 1, 1, 1, 1, 1, 1, 1, '2015-12-08 09:29:25', 1, '2015-12-08 15:29:25'),
(98, NULL, NULL, 22, 1, 111, NULL, 1, 1, 0, 0, 1, 1, 1, '2015-12-10 11:06:45', 1, '2015-12-10 17:06:37'),
(99, NULL, NULL, 22, 1, 112, NULL, 1, 1, 1, 0, 1, 1, 1, '2016-01-03 10:56:31', 1, '2016-01-03 16:56:20'),
(100, NULL, NULL, 26, 1, 113, NULL, 1, 1, 1, 0, 1, 1, 1, '2016-02-01 12:42:05', 1, '2016-02-01 18:42:09'),
(101, NULL, NULL, 24, 1, 114, NULL, 1, 1, 1, 0, 1, 1, 1, '2016-03-03 09:02:16', 1, '2016-03-03 15:02:17'),
(102, NULL, NULL, 28, 1, 115, NULL, 1, 1, 1, 1, 1, 1, 1, NULL, 1, '2016-11-30 09:45:41'),
(103, NULL, NULL, 22, 1, 116, NULL, 1, 1, 1, 0, 1, 1, 1, NULL, 1, '2016-12-08 09:00:48');

-- --------------------------------------------------------

--
-- Table structure for table `sa_org_modules`
--

CREATE TABLE IF NOT EXISTS `sa_org_modules` (
  `SA_MODULE_ID` smallint(5) NOT NULL AUTO_INCREMENT,
  `SHORT_NAME` char(10) NOT NULL,
  `SA_MODULE_NAME` varchar(70) NOT NULL,
  `ORG_ID` int(11) NOT NULL,
  `DEFAULT_FLAG` tinyint(1) DEFAULT '1',
  `MODULE_IDS` varchar(70) NOT NULL,
  `ACTIVE_STATUS` tinyint(1) DEFAULT '1',
  `ENTERED_BY` int(10) DEFAULT NULL,
  `ENTRY_TIMESTAMP` datetime DEFAULT NULL,
  `UPDATE_BY` int(10) DEFAULT NULL,
  `UPDATED_TIMESTAMP` datetime DEFAULT NULL,
  PRIMARY KEY (`SA_MODULE_ID`)
) ENGINE=InnoDB  DEFAULT CHARSET=utf8 AUTO_INCREMENT=28 ;

--
-- Dumping data for table `sa_org_modules`
--

INSERT INTO `sa_org_modules` (`SA_MODULE_ID`, `SHORT_NAME`, `SA_MODULE_NAME`, `ORG_ID`, `DEFAULT_FLAG`, `MODULE_IDS`, `ACTIVE_STATUS`, `ENTERED_BY`, `ENTRY_TIMESTAMP`, `UPDATE_BY`, `UPDATED_TIMESTAMP`) VALUES
(20, '', 'Security & Access', 1, 1, '1', 1, NULL, '2015-08-06 04:19:56', NULL, '0000-00-00 00:00:00'),
(21, '', 'Procurement', 1, 1, '12', 1, NULL, '2015-08-06 04:19:56', NULL, '0000-00-00 00:00:00'),
(22, '', 'M & E', 1, 1, '13', 1, NULL, '2015-08-06 04:19:56', NULL, '0000-00-00 00:00:00'),
(23, '', 'M & E Setup', 1, 1, '14', 1, NULL, '2015-08-06 04:19:56', NULL, '0000-00-00 00:00:00'),
(24, '', 'Sub Project', 1, 1, '15', 1, NULL, '2015-08-06 04:19:56', NULL, '0000-00-00 00:00:00'),
(25, '', 'Accounts', 1, 1, '16', 1, NULL, '2015-08-06 04:19:56', NULL, '0000-00-00 00:00:00'),
(26, '', 'Accounts setup', 1, 1, '17', 1, NULL, '2015-08-06 04:19:56', NULL, '2015-08-11 14:16:20'),
(27, '', 'AIF', 1, 1, '18', 1, NULL, '2015-09-14 08:45:41', NULL, '0000-00-00 00:00:00');

-- --------------------------------------------------------

--
-- Table structure for table `sa_uglw_mlink`
--

CREATE TABLE IF NOT EXISTS `sa_uglw_mlink` (
  `SA_UGLWM_LINK` int(11) NOT NULL AUTO_INCREMENT,
  `SA_MLINKS_ID` int(11) DEFAULT NULL,
  `ORG_ID` int(11) DEFAULT NULL,
  `USER_ID` bigint(14) DEFAULT NULL,
  `USERGRP_ID` int(11) DEFAULT NULL,
  `UG_LEVEL_ID` int(11) DEFAULT NULL,
  `SA_MODULE_ID` int(7) DEFAULT NULL,
  `LINK_ID` int(7) DEFAULT NULL,
  `CREATE` tinyint(1) DEFAULT '0',
  `READ` tinyint(1) DEFAULT '0',
  `UPDATE` tinyint(1) DEFAULT '0',
  `DELETE` tinyint(1) DEFAULT '0',
  `STATUS` tinyint(4) DEFAULT NULL,
  `URL_URI` varchar(200) DEFAULT NULL,
  `ACTIVE_STATUS` tinyint(1) DEFAULT '1',
  `CREATED_BY` int(10) DEFAULT NULL,
  `ENTRY_TIMESTAMP` datetime DEFAULT NULL,
  `UPDATED_BY` int(10) DEFAULT NULL,
  `UPDATE_DATE` datetime DEFAULT NULL,
  PRIMARY KEY (`SA_UGLWM_LINK`),
  KEY `FK01_USER_ID` (`USER_ID`),
  KEY `FK02_SA_MODULE_ID` (`SA_MODULE_ID`),
  KEY `FK01_SA_MLINKS_ID` (`SA_MLINKS_ID`),
  KEY `FK02_USERGRP_ID` (`USERGRP_ID`),
  KEY `FK01_UG_LEVEL_ID` (`UG_LEVEL_ID`),
  KEY `FK05_ORG_ID` (`ORG_ID`)
) ENGINE=InnoDB  DEFAULT CHARSET=utf8 AUTO_INCREMENT=308 ;

--
-- Dumping data for table `sa_uglw_mlink`
--

INSERT INTO `sa_uglw_mlink` (`SA_UGLWM_LINK`, `SA_MLINKS_ID`, `ORG_ID`, `USER_ID`, `USERGRP_ID`, `UG_LEVEL_ID`, `SA_MODULE_ID`, `LINK_ID`, `CREATE`, `READ`, `UPDATE`, `DELETE`, `STATUS`, `URL_URI`, `ACTIVE_STATUS`, `CREATED_BY`, `ENTRY_TIMESTAMP`, `UPDATED_BY`, `UPDATE_DATE`) VALUES
(1, 1, 1, NULL, 1, 3, 20, NULL, 1, 1, 1, 0, 0, NULL, 1, 1, '2015-08-06 04:22:30', 2, '2015-08-19 04:27:38'),
(2, 2, 1, NULL, 1, 3, 20, NULL, 1, 1, 1, 0, 1, NULL, 1, 2, '2015-08-06 04:22:31', 2, '2015-08-06 06:22:40'),
(3, 3, 1, NULL, 1, 3, 20, NULL, 1, 1, 1, 0, 1, NULL, 1, 2, '2015-08-06 04:22:32', 2, '2015-08-06 06:22:39'),
(4, 4, 1, NULL, 1, 3, 20, NULL, 1, 1, 1, 0, 1, NULL, 1, 2, '2015-08-06 04:22:33', 2, '2015-08-06 06:22:38'),
(5, 5, 1, NULL, 1, 3, 20, NULL, 1, 1, 1, 0, 1, NULL, 1, 2, '2015-08-06 04:22:33', 2, '2015-08-06 06:22:36'),
(6, 6, 1, NULL, 1, 3, 22, NULL, 1, 1, 1, 0, 1, NULL, 1, 1, '2015-08-06 06:52:17', 1, '2015-08-06 10:15:13'),
(7, 7, 1, NULL, 1, 3, 22, NULL, 1, 0, 0, 0, 0, NULL, 1, NULL, '2015-08-06 06:52:21', 1, '2015-08-06 08:52:17'),
(8, 8, 1, NULL, 1, 3, 22, NULL, 1, 1, 1, 0, 1, NULL, 1, 1, '2015-08-06 06:52:22', 1, '2015-08-06 10:15:17'),
(9, 10, 1, NULL, 1, 3, 22, NULL, 1, 1, 0, 0, 0, NULL, 1, 1, '2015-08-06 06:52:25', 1, '2015-08-06 10:15:18'),
(10, 9, 1, NULL, 1, 3, 22, NULL, 1, 0, 0, 0, 0, NULL, 1, NULL, '2015-08-06 06:52:27', 1, '2015-08-06 08:52:24'),
(11, 11, 1, NULL, 1, 3, 23, NULL, 1, 1, 1, 0, 1, NULL, 1, 1, '2015-08-06 06:52:29', 1, '2015-08-06 10:15:24'),
(12, 12, 1, NULL, 1, 3, 23, NULL, 1, 1, 1, 0, 1, NULL, 1, 1, '2015-08-06 06:52:32', 1, '2015-08-06 10:15:27'),
(13, 13, 1, NULL, 1, 3, 23, NULL, 1, 1, 1, 0, 1, NULL, 1, 1, '2015-08-06 06:52:38', 1, '2015-08-06 10:15:29'),
(14, 14, 1, NULL, 1, 3, 23, NULL, 1, 1, 1, 0, 1, NULL, 1, 1, '2015-08-06 06:52:41', 1, '2015-08-06 10:15:33'),
(15, 15, 1, NULL, 1, 3, 23, NULL, 1, 1, 1, 0, 1, NULL, 1, 1, '2015-08-06 06:52:44', 1, '2015-08-06 10:15:38'),
(16, 16, 1, NULL, 1, 3, 23, NULL, 1, 1, 1, 0, 1, NULL, 1, 1, '2015-08-06 06:52:47', 1, '2015-08-06 10:15:40'),
(17, 17, 1, NULL, 1, 3, 23, NULL, 1, 1, 1, 0, 1, NULL, 1, 1, '2015-08-06 06:52:50', 1, '2015-08-06 10:15:44'),
(18, 18, 1, NULL, 1, 3, 23, NULL, 1, 1, 1, 0, 1, NULL, 1, 1, '2015-08-06 06:52:53', 1, '2015-08-06 10:15:46'),
(19, 19, 1, NULL, 1, 3, 23, NULL, 1, 1, 1, 1, 1, NULL, 1, 1, '2015-08-06 06:52:56', 1, '2015-08-06 12:58:59'),
(20, 20, 1, NULL, 1, 3, 23, NULL, 0, 1, 1, 0, 0, NULL, 1, 1, '2015-08-06 06:52:59', 1, '2015-08-25 11:27:32'),
(21, 21, 1, NULL, 1, 3, 24, NULL, 1, 0, 0, 0, 0, NULL, 1, 1, '2015-08-06 06:53:03', 1, '2015-08-06 12:55:00'),
(22, 22, 1, NULL, 1, 3, 24, NULL, 0, 1, 0, 0, 0, NULL, 1, 1, '2015-08-06 06:53:03', 1, '2015-08-06 12:55:01'),
(23, 23, 1, NULL, 1, 3, 24, NULL, 1, 1, 0, 0, 1, NULL, 1, 1, '2015-08-06 06:53:04', 1, '2015-08-06 12:55:03'),
(24, 24, 1, NULL, 1, 3, 24, NULL, 1, 1, 1, 0, 1, NULL, 1, 1, '2015-08-06 06:53:08', 1, '2015-08-06 13:12:06'),
(25, 25, 1, NULL, 1, 3, 24, NULL, 1, 1, 1, 0, 1, NULL, 1, 1, '2015-08-06 06:53:13', 1, '2015-08-06 12:55:10'),
(26, 26, 1, NULL, 1, 3, 24, NULL, 1, 1, 1, 0, 1, NULL, 1, 1, '2015-08-06 06:53:15', 1, '2015-08-06 13:12:07'),
(27, 27, 1, NULL, 1, 3, 24, NULL, 1, 1, 0, 0, 1, NULL, 1, 1, '2015-08-06 06:53:18', 1, '2015-08-06 13:12:07'),
(28, 28, 1, NULL, 1, 3, 25, NULL, 1, 1, 0, 0, 1, NULL, 1, 1, '2015-08-06 06:53:22', 1, '2015-08-06 10:16:21'),
(29, 29, 1, NULL, 1, 3, 25, NULL, 1, 1, 1, 0, 1, NULL, 1, 1, '2015-08-06 06:53:27', 1, '2015-08-06 10:16:24'),
(30, 30, 1, NULL, 1, 3, 25, NULL, 1, 1, 1, 0, 1, NULL, 1, 1, '2015-08-06 06:53:30', 1, '2015-08-06 10:16:30'),
(31, 31, 1, NULL, 1, 3, 25, NULL, 1, 1, 1, 0, 1, NULL, 1, 1, '2015-08-06 06:53:33', 1, '2015-08-06 10:16:33'),
(32, 32, 1, NULL, 1, 3, 25, NULL, 1, 1, 1, 0, 1, NULL, 1, 1, '2015-08-06 06:53:38', 1, '2015-08-06 10:16:35'),
(33, 33, 1, NULL, 1, 3, 25, NULL, 1, 1, 0, 0, 1, NULL, 1, 1, '2015-08-06 06:53:41', 1, '2015-08-06 10:16:38'),
(34, 34, 1, NULL, 1, 3, 26, NULL, 0, 1, 0, 0, 0, NULL, 1, NULL, '2015-08-06 06:53:48', 1, '2015-08-06 08:53:45'),
(35, 35, 1, NULL, 1, 3, 26, NULL, 1, 1, 1, 0, 1, NULL, 1, 1, '2015-08-06 06:53:49', 1, '2015-08-06 10:16:44'),
(36, 36, 1, NULL, 1, 3, 26, NULL, 0, 1, 0, 0, 0, NULL, 1, NULL, '2015-08-06 06:53:53', 1, '2015-08-06 08:53:49'),
(37, 37, 1, NULL, 1, 3, 26, NULL, 1, 1, 1, 0, 1, NULL, 1, 1, '2015-08-06 06:53:53', 1, '2015-08-06 10:16:50'),
(38, 38, 1, NULL, 1, 3, 26, NULL, 1, 1, 1, 0, 1, NULL, 1, 1, '2015-08-06 06:53:56', 1, '2015-08-06 10:16:53'),
(39, 39, 1, NULL, 1, 3, 26, NULL, 1, 1, 1, 0, 1, NULL, 1, 1, '2015-08-06 06:54:01', 1, '2015-08-06 10:16:57'),
(40, 40, 1, NULL, 1, 3, 26, NULL, 1, 1, 1, 1, 1, NULL, 1, 1, '2015-08-06 06:54:04', 1, '2015-08-06 10:17:01'),
(41, 41, 1, NULL, 1, 3, 26, NULL, 1, 1, 1, 0, 1, NULL, 1, 1, '2015-08-06 06:54:08', 1, '2015-08-06 10:17:16'),
(42, 42, 1, NULL, 1, 3, 26, NULL, 1, 1, 1, 0, 1, NULL, 1, 1, '2015-08-06 06:54:11', 1, '2015-08-06 10:17:19'),
(43, 43, 1, NULL, 1, 3, 26, NULL, 1, 1, 1, 0, 1, NULL, 1, 1, '2015-08-06 06:54:14', 1, '2015-08-06 10:17:23'),
(44, 44, 1, NULL, 1, 3, 26, NULL, 1, 1, 1, 0, 1, NULL, 1, 1, '2015-08-06 06:54:17', 1, '2015-08-06 10:17:26'),
(45, 21, 1, NULL, 3, 4, 24, NULL, 1, 0, 0, 0, 0, NULL, 1, 1, '2015-08-06 08:09:52', 1, '2015-08-06 12:55:00'),
(46, 22, 1, NULL, 3, 4, 24, NULL, 0, 1, 0, 0, 0, NULL, 1, 1, '2015-08-06 08:09:53', 1, '2015-08-06 12:55:01'),
(47, 23, 1, NULL, 3, 4, 24, NULL, 1, 1, 0, 0, 1, NULL, 1, 1, '2015-08-06 08:09:54', 1, '2015-08-06 12:55:03'),
(48, 24, 1, NULL, 3, 4, 24, NULL, 1, 1, 1, 0, 1, NULL, 1, 1, '2015-08-06 08:09:57', 1, '2015-08-06 13:14:26'),
(49, 25, 1, NULL, 3, 4, 24, NULL, 1, 1, 1, 0, 1, NULL, 1, 1, '2015-08-06 08:10:01', 1, '2015-08-06 12:55:10'),
(50, 26, 1, NULL, 3, 4, 24, NULL, 1, 1, 1, 0, 1, NULL, 1, 1, '2015-08-06 08:10:04', 1, '2015-08-06 13:14:24'),
(51, 27, 1, NULL, 3, 4, 24, NULL, 1, 1, 0, 0, 1, NULL, 1, 1, '2015-08-06 08:10:08', 1, '2015-08-06 13:14:25'),
(52, 28, 1, NULL, 4, 7, 25, NULL, 1, 1, 0, 0, 1, NULL, 1, 1, '2015-08-06 08:12:01', 1, '2015-08-06 10:16:21'),
(53, 29, 1, NULL, 4, 7, 25, NULL, 1, 1, 1, 0, 1, NULL, 1, 1, '2015-08-06 08:12:04', 1, '2015-08-06 10:16:24'),
(54, 30, 1, NULL, 4, 7, 25, NULL, 1, 1, 1, 0, 1, NULL, 1, 1, '2015-08-06 08:12:51', 1, '2015-08-06 10:16:30'),
(55, 31, 1, NULL, 4, 7, 25, NULL, 1, 1, 1, 0, 1, NULL, 1, 1, '2015-08-06 08:12:54', 1, '2015-08-06 10:16:33'),
(56, 32, 1, NULL, 4, 7, 25, NULL, 1, 1, 1, 0, 1, NULL, 1, 1, '2015-08-06 08:12:57', 1, '2015-08-06 10:16:35'),
(57, 33, 1, NULL, 4, 7, 25, NULL, 1, 1, 0, 0, 1, NULL, 1, 1, '2015-08-06 08:13:00', 1, '2015-08-06 10:16:38'),
(58, 34, 1, NULL, 4, 7, 26, NULL, 0, 1, 0, 0, 0, NULL, 1, NULL, '2015-08-06 08:13:06', 1, '2015-08-06 10:13:03'),
(59, 35, 1, NULL, 4, 7, 26, NULL, 1, 1, 1, 0, 1, NULL, 1, 1, '2015-08-06 08:13:07', 1, '2015-08-06 10:16:44'),
(60, 36, 1, NULL, 4, 7, 26, NULL, 0, 1, 0, 0, 0, NULL, 1, NULL, '2015-08-06 08:13:10', 1, '2015-08-06 10:13:07'),
(61, 37, 1, NULL, 4, 7, 26, NULL, 1, 1, 1, 0, 1, NULL, 1, 1, '2015-08-06 08:13:11', 1, '2015-08-06 10:16:50'),
(62, 38, 1, NULL, 4, 7, 26, NULL, 1, 1, 1, 0, 1, NULL, 1, 1, '2015-08-06 08:13:16', 1, '2015-08-06 10:16:53'),
(63, 39, 1, NULL, 4, 7, 26, NULL, 1, 1, 1, 0, 1, NULL, 1, 1, '2015-08-06 08:13:19', 1, '2015-08-06 10:16:57'),
(64, 40, 1, NULL, 4, 7, 26, NULL, 1, 1, 1, 1, 1, NULL, 1, 1, '2015-08-06 08:13:22', 1, '2015-08-06 10:17:01'),
(65, 41, 1, NULL, 4, 7, 26, NULL, 1, 1, 1, 0, 1, NULL, 1, 1, '2015-08-06 08:13:26', 1, '2015-08-06 10:17:16'),
(66, 42, 1, NULL, 4, 7, 26, NULL, 1, 1, 1, 0, 1, NULL, 1, 1, '2015-08-06 08:13:30', 1, '2015-08-06 10:17:19'),
(67, 43, 1, NULL, 4, 7, 26, NULL, 1, 1, 1, 0, 1, NULL, 1, 1, '2015-08-06 08:13:34', 1, '2015-08-06 10:17:23'),
(68, 44, 1, NULL, 4, 7, 26, NULL, 1, 1, 1, 0, 1, NULL, 1, 1, '2015-08-06 08:13:38', 1, '2015-08-06 10:17:26'),
(69, 6, 1, NULL, 4, 8, 22, NULL, 1, 1, 1, 0, 1, NULL, 1, 1, '2015-08-06 08:14:04', 1, '2015-08-06 10:15:13'),
(70, 7, 1, NULL, 4, 8, 22, NULL, 1, 0, 0, 0, 0, NULL, 1, NULL, '2015-08-06 08:14:08', 1, '2015-08-06 10:14:04'),
(71, 8, 1, NULL, 4, 8, 22, NULL, 1, 1, 1, 0, 1, NULL, 1, 1, '2015-08-06 08:14:08', 1, '2015-08-06 10:15:17'),
(72, 9, 1, NULL, 4, 8, 22, NULL, 1, 0, 0, 0, 0, NULL, 1, NULL, '2015-08-06 08:14:11', 1, '2015-08-06 10:14:07'),
(73, 10, 1, NULL, 4, 8, 22, NULL, 1, 1, 0, 0, 1, NULL, 1, 1, '2015-08-06 08:14:11', 1, '2015-08-06 13:13:43'),
(74, 11, 1, NULL, 4, 8, 23, NULL, 1, 1, 1, 0, 1, NULL, 1, 1, '2015-08-06 08:14:15', 1, '2015-08-06 10:15:24'),
(75, 12, 1, NULL, 4, 8, 23, NULL, 1, 1, 1, 0, 1, NULL, 1, 1, '2015-08-06 08:14:17', 1, '2015-08-06 10:15:27'),
(76, 13, 1, NULL, 4, 8, 23, NULL, 1, 1, 1, 0, 1, NULL, 1, 1, '2015-08-06 08:14:21', 1, '2015-08-06 10:15:29'),
(77, 14, 1, NULL, 4, 8, 23, NULL, 1, 1, 1, 0, 1, NULL, 1, 1, '2015-08-06 08:14:26', 1, '2015-08-06 10:15:33'),
(78, 15, 1, NULL, 4, 8, 23, NULL, 1, 1, 1, 0, 1, NULL, 1, 1, '2015-08-06 08:14:30', 1, '2015-08-06 10:15:38'),
(79, 16, 1, NULL, 4, 8, 23, NULL, 1, 1, 1, 0, 1, NULL, 1, 1, '2015-08-06 08:14:33', 1, '2015-08-06 10:15:40'),
(80, 17, 1, NULL, 4, 8, 23, NULL, 1, 1, 1, 0, 1, NULL, 1, 1, '2015-08-06 08:14:36', 1, '2015-08-06 10:15:44'),
(81, 18, 1, NULL, 4, 8, 23, NULL, 1, 1, 1, 0, 1, NULL, 1, 1, '2015-08-06 08:14:40', 1, '2015-08-06 10:15:46'),
(82, 19, 1, NULL, 4, 8, 23, NULL, 1, 1, 1, 1, 1, NULL, 1, 1, '2015-08-06 08:14:45', 1, '2015-08-06 12:58:59'),
(83, 20, 1, NULL, 4, 8, 23, NULL, 0, 0, 0, 0, 0, NULL, 1, 1, '2015-08-06 08:14:49', 1, '2015-08-06 13:13:48'),
(84, 6, 1, NULL, 4, 2, 22, NULL, 1, 1, 1, 0, 1, NULL, 1, 1, '2015-08-06 08:15:14', 1, '2015-08-06 10:15:13'),
(85, 7, 1, NULL, 4, 2, 22, NULL, 1, 0, 0, 0, 0, NULL, 1, NULL, '2015-08-06 08:15:18', 1, '2015-08-06 10:15:14'),
(86, 8, 1, NULL, 4, 2, 22, NULL, 1, 1, 1, 0, 1, NULL, 1, 1, '2015-08-06 08:15:18', 1, '2015-08-06 10:15:17'),
(87, 9, 1, NULL, 4, 2, 22, NULL, 1, 0, 0, 0, 0, NULL, 1, NULL, '2015-08-06 08:15:21', 1, '2015-08-06 10:15:17'),
(88, 10, 1, NULL, 4, 2, 22, NULL, 1, 1, 0, 0, 0, NULL, 1, 1, '2015-08-06 08:15:21', 1, '2015-08-06 10:15:18'),
(89, 11, 1, NULL, 4, 2, 23, NULL, 1, 1, 1, 0, 1, NULL, 1, 1, '2015-08-06 08:15:26', 1, '2015-08-06 10:15:24'),
(90, 12, 1, NULL, 4, 2, 23, NULL, 1, 1, 1, 0, 1, NULL, 1, 1, '2015-08-06 08:15:29', 1, '2015-08-06 10:15:27'),
(91, 13, 1, NULL, 4, 2, 23, NULL, 1, 1, 1, 0, 1, NULL, 1, 1, '2015-08-06 08:15:31', 1, '2015-08-06 10:15:29'),
(92, 14, 1, NULL, 4, 2, 23, NULL, 1, 1, 1, 0, 1, NULL, 1, 1, '2015-08-06 08:15:33', 1, '2015-08-06 10:15:33'),
(93, 15, 1, NULL, 4, 2, 23, NULL, 1, 1, 1, 0, 1, NULL, 1, 1, '2015-08-06 08:15:38', 1, '2015-08-06 10:15:38'),
(94, 16, 1, NULL, 4, 2, 23, NULL, 1, 1, 1, 0, 1, NULL, 1, 1, '2015-08-06 08:15:42', 1, '2015-08-06 10:15:40'),
(95, 17, 1, NULL, 4, 2, 23, NULL, 1, 1, 1, 0, 1, NULL, 1, 1, '2015-08-06 08:15:45', 1, '2015-08-06 10:15:44'),
(96, 18, 1, NULL, 4, 2, 23, NULL, 1, 1, 1, 0, 1, NULL, 1, 1, '2015-08-06 08:15:48', 1, '2015-08-06 10:15:46'),
(97, 19, 1, NULL, 4, 2, 23, NULL, 1, 1, 1, 1, 1, NULL, 1, 1, '2015-08-06 08:15:51', 1, '2015-08-06 12:58:59'),
(98, 20, 1, NULL, 4, 2, 23, NULL, 1, 1, 0, 0, 0, NULL, 1, 1, '2015-08-06 08:15:56', 1, '2015-08-20 11:54:00'),
(99, 21, 1, NULL, 4, 2, 24, NULL, 0, 0, 0, 0, 0, NULL, 1, 1, '2015-08-06 08:16:00', 1, '2015-08-08 07:27:40'),
(100, 22, 1, NULL, 4, 2, 24, NULL, 0, 0, 0, 0, 0, NULL, 1, 1, '2015-08-06 08:16:01', 1, '2015-08-08 07:27:41'),
(101, 23, 1, NULL, 4, 2, 24, NULL, 0, 0, 0, 0, 0, NULL, 1, 1, '2015-08-06 08:16:02', 1, '2015-08-08 07:27:45'),
(102, 24, 1, NULL, 4, 2, 24, NULL, 0, 0, 0, 0, 0, NULL, 1, 1, '2015-08-06 08:16:09', 1, '2015-08-08 07:27:48'),
(103, 25, 1, NULL, 4, 2, 24, NULL, 0, 0, 0, 0, 0, NULL, 1, 1, '2015-08-06 08:16:12', 1, '2015-08-08 07:27:52'),
(104, 26, 1, NULL, 4, 2, 24, NULL, 0, 0, 0, 0, 0, NULL, 1, 1, '2015-08-06 08:16:15', 1, '2015-08-08 07:27:56'),
(105, 27, 1, NULL, 4, 2, 24, NULL, 0, 0, 0, 0, 0, NULL, 1, 1, '2015-08-06 08:16:19', 1, '2015-08-08 07:27:57'),
(106, 28, 1, NULL, 4, 2, 25, NULL, 1, 1, 0, 0, 1, NULL, 1, 1, '2015-08-06 08:16:22', 1, '2015-08-06 10:16:21'),
(107, 29, 1, NULL, 4, 2, 25, NULL, 1, 1, 1, 0, 1, NULL, 1, 1, '2015-08-06 08:16:25', 1, '2015-08-06 10:16:24'),
(108, 30, 1, NULL, 4, 2, 25, NULL, 1, 1, 1, 0, 1, NULL, 1, 1, '2015-08-06 08:16:31', 1, '2015-08-06 10:16:30'),
(109, 31, 1, NULL, 4, 2, 25, NULL, 1, 1, 1, 0, 1, NULL, 1, 1, '2015-08-06 08:16:34', 1, '2015-08-06 10:16:33'),
(110, 32, 1, NULL, 4, 2, 25, NULL, 1, 1, 1, 0, 1, NULL, 1, 1, '2015-08-06 08:16:37', 1, '2015-08-06 10:16:35'),
(111, 33, 1, NULL, 4, 2, 25, NULL, 1, 1, 0, 0, 1, NULL, 1, 1, '2015-08-06 08:16:39', 1, '2015-08-06 10:16:38'),
(112, 34, 1, NULL, 4, 2, 26, NULL, 0, 1, 0, 0, 0, NULL, 1, NULL, '2015-08-06 08:16:45', 1, '2015-08-06 10:16:41'),
(113, 35, 1, NULL, 4, 2, 26, NULL, 1, 1, 1, 0, 1, NULL, 1, 1, '2015-08-06 08:16:45', 1, '2015-08-06 10:16:44'),
(114, 36, 1, NULL, 4, 2, 26, NULL, 0, 1, 0, 0, 0, NULL, 1, NULL, '2015-08-06 08:16:49', 1, '2015-08-06 10:16:45'),
(115, 37, 1, NULL, 4, 2, 26, NULL, 1, 1, 1, 0, 1, NULL, 1, 1, '2015-08-06 08:16:50', 1, '2015-08-06 10:16:50'),
(116, 38, 1, NULL, 4, 2, 26, NULL, 1, 1, 1, 0, 1, NULL, 1, 1, '2015-08-06 08:16:55', 1, '2015-08-06 10:16:53'),
(117, 39, 1, NULL, 4, 2, 26, NULL, 1, 1, 1, 0, 1, NULL, 1, 1, '2015-08-06 08:16:58', 1, '2015-08-06 10:16:57'),
(118, 40, 1, NULL, 4, 2, 26, NULL, 1, 1, 1, 1, 1, NULL, 1, 1, '2015-08-06 08:17:02', 1, '2015-08-06 10:17:01'),
(119, 41, 1, NULL, 4, 2, 26, NULL, 1, 1, 1, 0, 1, NULL, 1, 1, '2015-08-06 08:17:12', 1, '2015-08-06 10:17:16'),
(120, 42, 1, NULL, 4, 2, 26, NULL, 1, 1, 1, 0, 1, NULL, 1, 1, '2015-08-06 08:17:21', 1, '2015-08-06 10:17:19'),
(121, 43, 1, NULL, 4, 2, 26, NULL, 1, 1, 1, 0, 1, NULL, 1, 1, '2015-08-06 08:17:25', 1, '2015-08-06 10:17:23'),
(122, 44, 1, NULL, 4, 2, 26, NULL, 1, 1, 1, 0, 1, NULL, 1, 1, '2015-08-06 08:17:28', 1, '2015-08-06 10:17:26'),
(123, 45, 1, NULL, 1, 3, 26, NULL, 1, 1, 1, 0, 1, NULL, 1, 1, '2015-08-09 09:28:34', 1, '2015-08-09 11:28:34'),
(124, 45, 1, NULL, 4, 2, 26, NULL, 1, 1, 1, 0, 1, NULL, 1, 1, '2015-08-09 09:29:15', 1, '2015-08-09 11:29:10'),
(125, 45, 1, NULL, 4, 7, 26, NULL, 1, 1, 1, 0, 1, NULL, 1, 1, '2015-08-09 09:29:25', 1, '2015-08-09 11:29:20'),
(126, 46, 1, NULL, 1, 3, 26, NULL, 1, 1, 1, 0, 1, NULL, 1, 1, '2015-08-11 09:46:47', 1, '2015-08-25 16:43:56'),
(127, 46, 1, NULL, 4, 2, 26, NULL, 1, 1, 1, 0, 1, NULL, 1, 1, '2015-08-11 09:47:03', 1, '2015-08-25 16:43:56'),
(128, 46, 1, NULL, 4, 7, 26, NULL, 1, 1, 1, 0, 1, NULL, 1, 1, '2015-08-11 09:47:12', 1, '2015-08-25 16:43:56'),
(129, 47, 1, NULL, 4, 2, 25, NULL, 1, 1, 1, 0, 1, NULL, 1, 1, '2015-08-11 10:41:46', 1, '2015-08-11 16:41:47'),
(130, 47, 1, NULL, 4, 7, 25, NULL, 1, 1, 1, 0, 1, NULL, 1, 1, '2015-08-11 10:42:00', 1, '2015-08-11 16:42:00'),
(131, 47, 1, NULL, 1, 3, 25, NULL, 1, 1, 1, 0, 1, NULL, 1, 1, '2015-08-11 10:42:16', 1, '2015-08-11 16:42:16'),
(132, 48, 1, NULL, 1, 3, 25, NULL, 1, 1, 1, 0, 1, NULL, 1, 1, '2015-08-12 06:11:50', 1, '2015-08-12 08:11:50'),
(133, 48, 1, NULL, 4, 2, 25, NULL, 1, 1, 1, 0, 1, NULL, 1, 1, '2015-08-12 06:12:02', 1, '2015-08-12 08:12:01'),
(134, 48, 1, NULL, 4, 7, 25, NULL, 1, 1, 1, 0, 1, NULL, 1, 1, '2015-08-12 06:12:14', 1, '2015-08-12 08:12:13'),
(135, 49, 1, NULL, 1, 3, 22, NULL, 1, 1, 0, 0, 1, NULL, 1, 1, '2015-08-17 09:25:05', 1, '2015-08-17 11:25:05'),
(136, 49, 1, NULL, 4, 2, 22, NULL, 1, 1, 0, 0, 1, NULL, 1, 1, '2015-08-17 09:25:15', 1, '2015-08-17 11:25:15'),
(137, 49, 1, NULL, 4, 8, 22, NULL, 1, 1, 0, 0, 1, NULL, 1, 1, '2015-08-17 09:25:27', 1, '2015-08-17 11:25:27'),
(138, 50, 1, NULL, 1, 3, 22, NULL, 1, 1, 0, 0, 1, NULL, 1, 1, '2015-08-17 10:52:26', 1, '2015-08-17 12:52:26'),
(139, 50, 1, NULL, 4, 2, 22, NULL, 1, 1, 0, 0, 1, NULL, 1, 1, '2015-08-17 10:52:48', 1, '2015-08-17 12:52:48'),
(140, 50, 1, NULL, 4, 8, 22, NULL, 1, 1, 0, 0, 1, NULL, 1, 1, '2015-08-17 10:52:55', 1, '2015-08-17 12:52:56'),
(141, 51, 1, NULL, 1, 3, 24, NULL, 1, 1, 0, 0, 0, NULL, 1, 1, '2015-08-20 09:53:26', 1, '2015-08-20 11:53:50'),
(142, 51, 1, NULL, 3, 4, 24, NULL, 1, 1, 0, 0, 0, NULL, 1, 1, '2015-08-20 09:55:14', 1, '2015-08-20 11:55:09'),
(143, 52, 1, NULL, 1, 3, 23, NULL, 1, 1, 1, 1, 1, NULL, 1, 1, '2015-08-26 10:02:25', 1, '2015-08-26 16:02:23'),
(144, 52, 1, NULL, 4, 2, 23, NULL, 1, 1, 1, 1, 1, NULL, 1, 1, '2015-08-26 10:02:52', 1, '2015-08-26 16:02:50'),
(145, 52, 1, NULL, 4, 8, 23, NULL, 1, 1, 1, 1, 1, NULL, 1, 1, '2015-08-26 10:03:08', 1, '2015-08-26 16:03:07'),
(146, 4, 1, NULL, 4, 10, 20, NULL, 1, 1, 1, 0, 1, NULL, 1, 1, '2015-08-31 09:46:14', 1, '2015-08-31 09:46:20'),
(147, 5, 1, NULL, 4, 10, 20, NULL, 1, 1, 1, 0, 1, NULL, 1, 1, '2015-08-31 09:46:15', 1, '2015-08-31 09:46:22'),
(148, 21, 1, NULL, 4, 11, 24, NULL, 1, 0, 0, 0, 0, NULL, 1, NULL, '2015-09-02 06:27:17', 1, '2015-09-02 06:27:17'),
(149, 22, 1, NULL, 4, 11, 24, NULL, 0, 1, 0, 0, 0, NULL, 1, NULL, '2015-09-02 06:27:18', 1, '2015-09-02 06:27:18'),
(150, 23, 1, NULL, 4, 11, 24, NULL, 1, 1, 0, 0, 1, NULL, 1, 1, '2015-09-02 06:27:19', 1, '2015-09-02 06:27:35'),
(151, 24, 1, NULL, 4, 11, 24, NULL, 1, 1, 1, 0, 1, NULL, 1, 1, '2015-09-02 06:27:20', 1, '2015-09-02 06:27:35'),
(152, 25, 1, NULL, 4, 11, 24, NULL, 1, 1, 1, 0, 1, NULL, 1, 1, '2015-09-02 06:27:21', 1, '2015-09-02 06:27:34'),
(153, 26, 1, NULL, 4, 11, 24, NULL, 1, 1, 1, 0, 1, NULL, 1, 1, '2015-09-02 06:27:24', 1, '2015-09-02 06:27:33'),
(154, 27, 1, NULL, 4, 11, 24, NULL, 1, 1, 0, 0, 1, NULL, 1, 1, '2015-09-02 06:27:27', 1, '2015-09-02 06:27:33'),
(155, 51, 1, NULL, 4, 11, 24, NULL, 1, 1, 0, 0, 1, NULL, 1, 1, '2015-09-02 06:27:29', 1, '2015-09-02 06:27:32'),
(156, 53, 1, NULL, 3, 4, 24, NULL, 1, 1, 1, 1, 0, NULL, 1, 1, '2015-09-03 09:08:36', 1, '2015-09-03 15:08:31'),
(157, 19, 1, NULL, 4, 7, 23, NULL, 1, 1, 1, 1, 1, NULL, 1, 1, '2015-09-06 04:29:43', 1, '2015-09-06 04:29:50'),
(158, 52, 1, NULL, 4, 7, 23, NULL, 0, 0, 0, 0, 0, NULL, 1, 1, '2015-09-06 04:30:51', 1, '2015-09-06 04:30:51'),
(159, 54, 1, NULL, 4, 7, 25, NULL, 1, 1, 1, 0, 1, NULL, 1, 1, '2015-09-06 12:10:28', 1, '2015-09-06 18:10:29'),
(160, 54, 1, NULL, 4, 2, 25, NULL, 1, 1, 1, 0, 1, NULL, 1, 1, '2015-09-06 12:13:16', 1, '2015-09-06 18:13:18'),
(161, 55, 1, NULL, 3, 4, 24, NULL, 1, 1, 1, 0, 0, NULL, 1, 1, '2015-09-07 12:45:01', 1, '2015-09-07 14:45:00'),
(162, 56, 1, NULL, 3, 4, 24, NULL, 1, 1, 1, 0, 0, NULL, 1, 1, '2015-09-07 12:45:03', 1, '2015-09-07 14:45:02'),
(163, 53, 1, NULL, 1, 3, 24, NULL, 1, 1, 1, 1, 1, NULL, 1, 1, '2015-09-07 12:45:20', 1, '2015-09-07 14:45:21'),
(164, 55, 1, NULL, 1, 3, 24, NULL, 1, 1, 1, 0, 0, NULL, 1, 1, '2015-09-07 12:45:24', 1, '2015-09-07 14:45:24'),
(165, 56, 1, NULL, 1, 3, 24, NULL, 1, 1, 1, 0, 0, NULL, 1, 1, '2015-09-07 12:45:26', 1, '2015-09-07 14:45:26'),
(166, 53, 1, NULL, 4, 11, 24, NULL, 1, 1, 1, 1, 1, NULL, 1, 1, '2015-09-07 12:46:00', 1, '2015-09-07 14:46:03'),
(167, 55, 1, NULL, 4, 11, 24, NULL, 1, 1, 1, 0, 0, NULL, 1, 1, '2015-09-07 12:46:06', 1, '2015-09-07 14:46:06'),
(168, 56, 1, NULL, 4, 11, 24, NULL, 1, 1, 1, 0, 0, NULL, 1, 1, '2015-09-07 12:46:09', 1, '2015-09-07 14:46:08'),
(169, 54, 1, NULL, 1, 3, 25, NULL, 1, 1, 1, 0, 1, NULL, 1, 1, '2015-09-11 05:11:34', 1, '2015-09-11 11:11:27'),
(170, 57, 1, NULL, 1, 3, 25, NULL, 1, 1, 1, 1, 1, NULL, 1, 1, '2015-09-11 05:11:38', 1, '2015-09-11 11:11:31'),
(171, 57, 1, NULL, 4, 2, 25, NULL, 1, 1, 1, 1, 1, NULL, 1, 1, '2015-09-11 05:11:56', 1, '2015-09-11 11:11:49'),
(172, 57, 1, NULL, 4, 7, 25, NULL, 1, 1, 1, 1, 1, NULL, 1, 1, '2015-09-11 05:12:11', 1, '2015-09-11 11:12:05'),
(173, 6, 1, NULL, 4, 9, 22, NULL, 0, 0, 0, 0, 0, NULL, 1, 1, '2015-09-12 04:46:28', 1, '2015-09-14 14:52:06'),
(174, 7, 1, NULL, 4, 9, 22, NULL, 1, 0, 0, 0, 0, NULL, 1, NULL, '2015-09-12 04:46:29', 1, '2015-09-12 06:46:21'),
(175, 8, 1, NULL, 4, 9, 22, NULL, 1, 1, 1, 0, 1, NULL, 1, 1, '2015-09-12 04:46:32', 1, '2015-09-12 06:47:24'),
(176, 9, 1, NULL, 4, 9, 22, NULL, 1, 0, 0, 0, 0, NULL, 1, NULL, '2015-09-12 04:46:33', 1, '2015-09-12 06:46:25'),
(177, 10, 1, NULL, 4, 9, 22, NULL, 1, 1, 0, 0, 1, NULL, 1, 1, '2015-09-12 04:46:36', 1, '2015-09-12 06:47:28'),
(178, 50, 1, NULL, 4, 9, 22, NULL, 1, 1, 0, 0, 1, NULL, 1, 1, '2015-09-12 04:46:38', 1, '2015-09-12 06:47:27'),
(179, 49, 1, NULL, 4, 9, 22, NULL, 1, 1, 0, 0, 1, NULL, 1, 1, '2015-09-12 04:46:38', 1, '2015-09-12 06:47:28'),
(180, 52, 1, NULL, 4, 9, 23, NULL, 1, 1, 1, 1, 1, NULL, 1, 1, '2015-09-12 04:46:55', 1, '2015-09-12 06:47:34'),
(181, 58, 1, NULL, 4, 2, 25, NULL, 0, 1, 0, 0, 0, NULL, 1, NULL, '2015-09-12 05:31:32', 1, '2015-09-12 07:31:25'),
(182, 59, 1, NULL, 4, 2, 25, NULL, 0, 1, 0, 0, 1, NULL, 1, 1, '2015-09-12 05:31:34', 1, '2015-09-12 07:31:28'),
(183, 60, 1, NULL, 4, 2, 25, NULL, 0, 1, 0, 0, 1, NULL, 1, 1, '2015-09-12 05:31:36', 1, '2015-09-12 07:31:29'),
(184, 61, 1, NULL, 4, 2, 25, NULL, 0, 1, 0, 0, 1, NULL, 1, 1, '2015-09-12 05:31:37', 1, '2015-09-12 07:31:31'),
(185, 58, 1, NULL, 4, 7, 25, NULL, 0, 1, 0, 0, 1, NULL, 1, 1, '2015-09-12 05:31:47', 1, '2015-09-12 07:31:41'),
(186, 59, 1, NULL, 4, 7, 25, NULL, 0, 1, 0, 0, 1, NULL, 1, 1, '2015-09-12 05:31:50', 1, '2015-09-12 07:31:43'),
(187, 60, 1, NULL, 4, 7, 25, NULL, 0, 1, 0, 0, 1, NULL, 1, 1, '2015-09-12 05:31:51', 1, '2015-09-12 07:31:45'),
(188, 61, 1, NULL, 4, 7, 25, NULL, 0, 1, 0, 0, 1, NULL, 1, 1, '2015-09-12 05:31:53', 1, '2015-09-12 07:31:47'),
(189, 58, 1, NULL, 1, 3, 25, NULL, 0, 1, 0, 0, 1, NULL, 1, 1, '2015-09-12 05:32:04', 1, '2015-09-12 07:31:58'),
(190, 59, 1, NULL, 1, 3, 25, NULL, 0, 1, 0, 0, 1, NULL, 1, 1, '2015-09-12 05:32:05', 1, '2015-09-12 07:31:59'),
(191, 60, 1, NULL, 1, 3, 25, NULL, 0, 1, 0, 0, 1, NULL, 1, 1, '2015-09-12 05:32:08', 1, '2015-09-12 07:32:01'),
(192, 61, 1, NULL, 1, 3, 25, NULL, 0, 1, 0, 0, 1, NULL, 1, 1, '2015-09-12 05:32:09', 1, '2015-09-12 07:32:03'),
(193, 28, 1, NULL, 4, 9, 25, NULL, 0, 0, 0, 0, 0, NULL, 1, 1, '2015-09-12 08:46:27', 1, '2015-09-12 14:46:17'),
(194, 29, 1, NULL, 4, 9, 25, NULL, 1, 1, 1, 0, 1, NULL, 1, 1, '2015-09-12 08:46:29', 1, '2015-09-12 14:46:20'),
(195, 62, 1, NULL, 4, 7, 25, NULL, 1, 1, 1, 0, 1, NULL, 1, 1, '2015-09-13 07:07:05', 1, '2015-09-13 13:07:04'),
(196, 63, 1, NULL, 4, 7, 25, NULL, 1, 1, 1, 0, 1, NULL, 1, 1, '2015-09-13 07:07:05', 1, '2015-09-13 13:07:05'),
(197, 62, 1, NULL, 4, 2, 25, NULL, 1, 1, 1, 0, 1, NULL, 1, 1, '2015-09-13 07:07:23', 1, '2015-09-13 13:07:23'),
(198, 63, 1, NULL, 4, 2, 25, NULL, 1, 1, 1, 0, 1, NULL, 1, 1, '2015-09-13 07:07:25', 1, '2015-09-13 13:07:23'),
(199, 62, 1, NULL, 1, 3, 25, NULL, 1, 1, 1, 0, 1, NULL, 1, 1, '2015-09-13 07:09:21', 1, '2015-09-13 13:09:20'),
(200, 63, 1, NULL, 1, 3, 25, NULL, 1, 1, 1, 0, 1, NULL, 1, 1, '2015-09-13 07:09:22', 1, '2015-09-13 13:09:21'),
(201, 64, 1, NULL, 4, 2, 25, NULL, 1, 1, 1, 0, 1, NULL, 1, 1, '2015-09-14 04:02:47', 1, '2015-09-14 10:02:47'),
(202, 64, 1, NULL, 4, 7, 25, NULL, 1, 1, 1, 0, 1, NULL, 1, 1, '2015-09-14 04:02:59', 1, '2015-09-14 10:03:00'),
(203, 64, 1, NULL, 1, 3, 25, NULL, 1, 1, 1, 0, 1, NULL, 1, 1, '2015-09-14 04:03:17', 1, '2015-09-14 10:03:18'),
(204, 65, 1, NULL, 1, 3, 26, NULL, 1, 1, 1, 0, 1, NULL, 1, 1, '2015-09-14 04:05:57', 1, '2015-09-14 10:05:57'),
(205, 65, 1, NULL, 4, 2, 26, NULL, 1, 1, 1, 0, 1, NULL, 1, 1, '2015-09-14 04:06:09', 1, '2015-09-14 10:06:10'),
(206, 65, 1, NULL, 4, 7, 26, NULL, 1, 1, 1, 0, 1, NULL, 1, 1, '2015-09-14 04:06:19', 1, '2015-09-14 10:06:19'),
(207, 66, 1, NULL, 1, 3, 27, NULL, 1, 1, 1, 0, 1, NULL, 1, 1, '2015-09-14 08:46:09', 1, '2015-09-14 14:46:10'),
(208, 66, 1, NULL, 4, 9, 27, NULL, 1, 1, 1, 0, 1, NULL, 1, 1, '2015-09-14 08:46:29', 1, '2015-09-14 14:46:30'),
(209, 67, 1, NULL, 1, 3, 23, NULL, 1, 1, 1, 0, 1, NULL, 1, 1, '2015-09-14 10:13:02', 1, '2015-09-14 16:13:03'),
(210, 67, 1, NULL, 4, 2, 23, NULL, 1, 1, 1, 0, 1, NULL, 1, 1, '2015-09-14 10:13:18', 1, '2015-09-14 16:13:18'),
(211, 67, 1, NULL, 4, 8, 23, NULL, 1, 1, 1, 0, 1, NULL, 1, 1, '2015-09-14 10:13:37', 1, '2015-09-14 16:13:37'),
(212, 68, 1, NULL, 1, 3, 21, NULL, 1, 1, 1, 0, 1, NULL, 1, 1, '2015-09-15 12:23:59', 1, '2015-09-15 14:23:59'),
(213, 68, 1, NULL, 4, 12, 21, NULL, 1, 1, 1, 0, 1, NULL, 1, 1, '2015-09-15 12:24:12', 1, '2015-09-15 14:24:12'),
(214, 68, 1, NULL, 4, 2, 21, NULL, 1, 1, 1, 0, 1, NULL, 1, 1, '2015-09-15 12:24:40', 1, '2015-09-15 14:24:39'),
(215, 69, 1, NULL, 1, 3, 21, NULL, 1, 1, 1, 1, 1, NULL, 1, 1, '2015-09-20 04:02:54', 1, '2015-09-20 10:02:53'),
(216, 69, 1, NULL, 4, 12, 21, NULL, 1, 1, 1, 1, 1, NULL, 1, 1, '2015-09-20 04:03:07', 1, '2015-09-20 10:03:08'),
(217, 70, 1, NULL, 1, 3, 24, NULL, 1, 1, 1, 0, 0, NULL, 1, 1, '2015-09-20 08:12:29', 1, '2015-09-20 14:12:25'),
(218, 70, 1, NULL, 3, 4, 24, NULL, 1, 1, 1, 0, 0, NULL, 1, 1, '2015-09-20 08:16:51', 1, '2015-09-20 14:16:48'),
(219, 71, 1, NULL, 4, 12, 21, NULL, 1, 1, 0, 0, 1, NULL, 1, 1, '2015-09-21 06:05:22', 1, '2015-09-21 12:05:23'),
(220, 71, 1, NULL, 1, 3, 21, NULL, 1, 1, 0, 0, 1, NULL, 1, 1, '2015-09-21 06:05:33', 1, '2016-11-08 17:13:40'),
(221, 66, 1, NULL, 4, 2, 27, NULL, 1, 1, 1, 0, 1, NULL, 1, 62, '2015-09-21 09:01:05', 62, '2015-09-21 15:01:04'),
(222, 69, 1, NULL, 4, 2, 21, NULL, 1, 1, 1, 1, 1, NULL, 1, 62, '2015-09-21 09:01:14', 62, '2015-09-21 15:01:14'),
(223, 71, 1, NULL, 4, 2, 21, NULL, 1, 1, 0, 0, 0, NULL, 1, 62, '2015-09-21 09:01:18', 62, '2015-09-21 15:01:17'),
(224, 10, 1, NULL, 5, 13, 22, NULL, 1, 1, 0, 0, 1, NULL, 1, 1, '2015-09-22 06:05:07', 1, '2015-09-22 12:05:10'),
(225, 1, 1, NULL, 6, 15, 20, NULL, 1, 1, 1, 0, 1, NULL, 1, 1, '2015-09-22 06:32:13', 1, '2015-09-22 12:32:29'),
(226, 2, 1, NULL, 6, 15, 20, NULL, 1, 1, 1, 0, 1, NULL, 1, 1, '2015-09-22 06:32:20', 1, '2015-09-22 12:32:30'),
(227, 3, 1, NULL, 6, 15, 20, NULL, 1, 1, 1, 0, 1, NULL, 1, 1, '2015-09-22 06:32:22', 1, '2015-09-22 12:32:30'),
(228, 4, 1, NULL, 6, 15, 20, NULL, 1, 1, 1, 0, 1, NULL, 1, 1, '2015-09-22 06:32:24', 1, '2015-09-22 12:32:32'),
(229, 5, 1, NULL, 6, 15, 20, NULL, 1, 1, 1, 0, 1, NULL, 1, 1, '2015-09-22 06:32:26', 1, '2015-09-22 12:32:32'),
(230, 69, 1, NULL, 6, 15, 21, NULL, 1, 1, 0, 1, 1, NULL, 1, 1, '2015-09-22 06:32:36', 1, '2015-09-22 12:33:32'),
(231, 6, 1, NULL, 6, 15, 22, NULL, 1, 1, 1, 0, 1, NULL, 1, 1, '2015-09-22 06:32:43', 1, '2015-09-22 12:32:47'),
(232, 9, 1, NULL, 6, 15, 22, NULL, 1, 0, 0, 0, 0, NULL, 1, NULL, '2015-09-22 06:32:51', 1, '2015-09-22 12:32:51'),
(233, 10, 1, NULL, 6, 15, 22, NULL, 1, 1, 0, 0, 1, NULL, 1, 1, '2015-09-22 06:32:54', 1, '2015-09-22 12:32:56'),
(234, 49, 1, NULL, 6, 15, 22, NULL, 1, 1, 0, 0, 1, NULL, 1, 1, '2015-09-22 06:32:59', 1, '2015-09-22 12:33:01'),
(235, 50, 1, NULL, 6, 15, 22, NULL, 1, 1, 0, 0, 0, NULL, 1, 1, '2015-09-22 06:33:02', 1, '2015-09-22 12:33:03'),
(236, 11, 1, NULL, 6, 15, 23, NULL, 1, 1, 1, 0, 1, NULL, 1, 1, '2015-09-22 06:37:34', 1, '2015-09-22 12:37:37'),
(237, 15, 1, NULL, 6, 15, 23, NULL, 1, 1, 1, 0, 1, NULL, 1, 1, '2015-09-22 06:37:40', 1, '2015-09-22 12:37:44'),
(238, 22, 1, NULL, 6, 15, 24, NULL, 0, 1, 0, 0, 0, NULL, 1, NULL, '2015-09-22 06:37:49', 1, '2015-09-22 12:37:49'),
(239, 33, 1, NULL, 6, 15, 25, NULL, 1, 1, 0, 0, 1, NULL, 1, 1, '2015-09-22 06:37:53', 1, '2015-09-22 12:37:55'),
(240, 41, 1, NULL, 6, 15, 26, NULL, 1, 1, 1, 0, 1, NULL, 1, 1, '2015-09-22 06:38:00', 1, '2015-09-22 12:38:02'),
(241, 66, 1, NULL, 6, 15, 27, NULL, 1, 1, 1, 0, 1, NULL, 1, 1, '2015-09-22 06:38:05', 1, '2015-09-22 12:38:07'),
(242, 72, 1, NULL, 1, 3, 27, NULL, 1, 1, 1, 0, 1, NULL, 1, 1, '2015-09-23 03:52:02', 1, '2015-09-23 09:51:56'),
(243, 72, 1, NULL, 4, 2, 27, NULL, 1, 1, 1, 0, 1, NULL, 1, 1, '2015-09-23 03:52:21', 1, '2015-09-23 09:52:16'),
(244, 72, 1, NULL, 4, 9, 27, NULL, 1, 1, 1, 0, 1, NULL, 1, 1, '2015-09-23 03:52:33', 1, '2015-09-23 09:52:28'),
(245, 73, 1, NULL, 1, 3, 24, NULL, 1, 1, 1, 0, 1, NULL, 1, 1, '2015-09-23 05:26:12', 1, '2015-09-23 11:26:12'),
(246, 73, 1, NULL, 3, 4, 24, NULL, 1, 1, 1, 0, 0, NULL, 1, 1, '2015-09-23 05:26:23', 1, '2015-09-23 11:26:22'),
(247, 74, 1, NULL, 1, 3, 20, NULL, 1, 1, 1, 0, 1, NULL, 1, 1, '2015-10-01 06:01:31', 1, '2015-10-01 12:01:30'),
(248, 40, 1, NULL, 3, 4, 26, NULL, 0, 0, 0, 0, 0, NULL, 1, 1, '2015-10-01 09:40:28', 1, '2016-02-28 12:45:39'),
(249, 65, 1, NULL, 3, 4, 26, NULL, 0, 0, 0, 0, 0, NULL, 1, 1, '2015-10-01 09:40:38', 1, '2015-10-03 10:24:55'),
(250, 75, 1, NULL, 1, 3, 27, NULL, 1, 1, 1, 0, 1, NULL, 1, 1, '2015-10-03 09:33:27', 1, '2015-10-03 15:33:21'),
(251, 75, 1, NULL, 4, 9, 27, NULL, 1, 1, 1, 0, 1, NULL, 1, 1, '2015-10-03 09:33:44', 1, '2015-10-03 15:33:38'),
(252, 76, 1, NULL, 1, 3, 26, NULL, 1, 1, 1, 1, 0, NULL, 1, 1, '2015-10-04 04:25:09', 1, '2015-10-04 10:25:08'),
(253, 76, 1, NULL, 4, 2, 26, NULL, 1, 1, 1, 0, 1, NULL, 1, 1, '2015-10-04 04:25:26', 1, '2015-10-04 10:25:23'),
(254, 76, 1, NULL, 4, 7, 26, NULL, 1, 1, 1, 1, 0, NULL, 1, 1, '2015-10-04 04:25:43', 1, '2015-10-04 10:25:49'),
(255, 77, 1, NULL, 1, 3, 27, NULL, 1, 1, 1, 0, 1, NULL, 1, 1, '2015-10-04 09:45:55', 1, '2015-10-04 15:45:53'),
(256, 77, 1, NULL, 4, 9, 27, NULL, 1, 1, 1, 0, 1, NULL, 1, 1, '2015-10-04 09:46:11', 1, '2015-10-04 15:46:08'),
(257, 78, 1, NULL, 1, 3, 26, NULL, 1, 1, 1, 1, 0, NULL, 1, 1, '2015-10-06 10:58:05', 1, '2015-10-06 16:58:08'),
(258, 78, 1, NULL, 4, 2, 26, NULL, 1, 1, 1, 1, 1, NULL, 1, 1, '2015-10-06 10:58:22', 1, '2015-10-06 16:58:24'),
(259, 78, 1, NULL, 4, 7, 26, NULL, 1, 1, 1, 1, 1, NULL, 1, 1, '2015-10-06 10:59:14', 1, '2015-10-06 16:59:16'),
(260, 79, 1, NULL, 3, 4, 24, NULL, 1, 1, 1, 0, 1, NULL, 1, 1, '2015-10-08 04:20:54', 1, '2015-10-08 10:21:24'),
(261, 80, 1, NULL, 3, 17, 24, NULL, 1, 1, 1, 0, 1, NULL, 1, 1, '2015-10-08 08:48:47', 1, '2015-10-08 14:48:39'),
(262, 81, 1, NULL, 1, 3, 24, NULL, 1, 1, 1, 1, 1, NULL, 1, 1, '2015-10-10 03:58:53', 1, '2015-10-10 09:58:48'),
(263, 80, 1, NULL, 1, 3, 24, NULL, 0, 0, 0, 0, 0, NULL, 1, 1, '2015-10-10 03:59:10', 1, '2015-10-10 10:00:52'),
(264, 79, 1, NULL, 1, 3, 24, NULL, 0, 0, 0, 0, 0, NULL, 1, 1, '2015-10-10 03:59:19', 1, '2015-10-10 10:00:51'),
(265, 81, 1, NULL, 3, 4, 24, NULL, 1, 1, 1, 1, 1, NULL, 1, 1, '2015-10-10 04:00:02', 1, '2015-10-10 09:59:56'),
(266, 82, 1, NULL, 1, 3, 25, NULL, 1, 1, 1, 0, 1, NULL, 1, 1, '2015-10-13 06:28:28', 1, '2015-10-13 12:28:29'),
(267, 82, 1, NULL, 4, 7, 25, NULL, 1, 1, 1, 0, 1, NULL, 1, 1, '2015-10-13 06:28:43', 1, '2015-10-13 12:28:44'),
(268, 12, 1, NULL, 3, 4, 23, NULL, 1, 1, 1, 0, 0, NULL, 1, 1, '2015-10-18 06:16:54', 1, '2015-10-18 12:16:57'),
(269, 18, 1, NULL, 3, 4, 23, NULL, 0, 0, 0, 0, 0, NULL, 1, 1, '2015-10-18 07:03:54', 1, '2016-02-01 17:36:57'),
(270, 44, 1, NULL, 3, 4, 26, NULL, 0, 0, 0, 0, 0, NULL, 1, 1, '2015-10-19 05:50:24', 1, '2015-10-19 13:08:20'),
(271, 83, 1, NULL, 4, 7, 26, NULL, 0, 0, 0, 0, 0, NULL, 1, 1, '2015-10-19 07:07:28', 1, '2015-10-19 13:08:01'),
(272, 45, 1, NULL, 3, 4, 26, NULL, 0, 1, 0, 0, 0, NULL, 1, 1, '2015-10-19 07:08:27', 1, '2015-10-19 13:08:32'),
(273, 83, 1, NULL, 3, 4, 26, NULL, 1, 0, 0, 0, 0, NULL, 1, NULL, '2015-10-19 07:08:35', 1, '2015-10-19 13:08:35'),
(274, 84, 1, NULL, 3, 4, 24, NULL, 1, 1, 1, 0, 0, NULL, 1, 1, '2015-10-19 12:43:27', 1, '2015-10-19 18:43:29'),
(275, 85, 1, NULL, 4, 8, 22, NULL, 1, 1, 0, 0, 1, NULL, 1, 1, '2015-10-20 05:48:16', 1, '2015-10-20 11:48:18'),
(276, 85, 1, NULL, 1, 3, 22, NULL, 1, 1, 0, 0, 1, NULL, 1, 1, '2015-10-20 05:48:34', 1, '2015-10-20 11:48:36'),
(277, 86, 1, NULL, 1, 3, 26, NULL, 0, 1, 1, 0, 0, NULL, 1, 1, '2015-10-30 10:46:18', 1, '2015-10-30 16:46:11'),
(278, 86, 1, NULL, 4, 7, 26, NULL, 0, 1, 1, 0, 0, NULL, 1, 1, '2015-10-30 10:46:35', 1, '2015-10-30 16:46:29'),
(279, 87, 1, NULL, 3, 4, 24, NULL, 1, 1, 1, 0, 1, NULL, 1, 1, '2015-11-02 11:01:49', 1, '2015-11-02 17:01:49'),
(280, 88, 1, NULL, 3, 4, 24, NULL, 1, 1, 1, 0, 1, NULL, 1, 1, '2015-11-02 11:01:53', 1, '2015-11-02 17:01:52'),
(281, 89, 1, NULL, 3, 4, 24, NULL, 1, 1, 1, 0, 0, NULL, 1, 1, '2015-11-02 11:01:56', 1, '2015-11-02 17:01:55'),
(282, 90, 1, NULL, 3, 4, 26, NULL, 1, 1, 1, 0, 1, NULL, 1, 1, '2015-11-02 11:54:08', 1, '2015-11-03 12:17:31'),
(283, 91, 1, NULL, 1, 3, 26, NULL, 1, 1, 1, 0, 1, NULL, 1, 1, '2015-11-03 03:23:01', 1, '2015-11-03 12:19:13'),
(284, 90, 1, NULL, 1, 3, 26, NULL, 1, 1, 1, 0, 1, NULL, 1, 1, '2015-11-03 03:23:08', 1, '2015-11-03 12:17:31'),
(285, 91, 1, NULL, 3, 4, 26, NULL, 0, 0, 0, 0, 0, NULL, 1, 1, '2015-11-03 06:15:30', 1, '2016-02-01 15:45:16'),
(286, 92, 1, NULL, 3, 4, 24, NULL, 1, 1, 1, 0, 1, NULL, 1, 1, '2015-11-04 10:56:28', 1, '2015-11-04 16:56:23'),
(287, 93, 1, NULL, 3, 4, 24, NULL, 1, 1, 1, 0, 1, NULL, 1, 1, '2015-11-17 04:48:30', 1, '2015-11-17 10:48:29'),
(288, 94, 1, NULL, 1, 3, 21, NULL, 1, 1, 1, 0, 1, NULL, 1, 1, '2015-11-26 10:45:11', 1, '2015-11-26 16:45:04'),
(289, 94, 1, NULL, 3, 4, 21, NULL, 1, 1, 1, 0, 1, NULL, 1, 1, '2015-11-26 10:45:49', 1, '2016-02-02 09:57:10'),
(290, 95, 1, NULL, 4, 8, 22, NULL, 1, 1, 0, 0, 1, NULL, 1, 1, '2015-12-03 10:43:22', 1, '2015-12-03 16:43:14'),
(291, 96, 1, NULL, 4, 8, 23, NULL, 1, 1, 1, 0, 1, NULL, 1, 1, '2015-12-06 06:10:03', 1, '2015-12-06 12:10:02'),
(292, 96, 1, NULL, 3, 4, 23, NULL, 0, 0, 0, 0, 0, NULL, 1, 1, '2015-12-06 06:10:46', 1, '2016-05-09 12:30:04'),
(293, 96, 1, NULL, 1, 3, 23, NULL, 1, 1, 1, 0, 1, NULL, 1, 1, '2015-12-06 06:19:00', 1, '2015-12-06 12:18:58'),
(294, 97, 1, NULL, 1, 3, 25, NULL, 1, 1, 1, 0, 1, NULL, 1, 1, '2015-12-08 09:29:51', 1, '2015-12-08 15:29:51'),
(295, 97, 1, NULL, 4, 7, 25, NULL, 1, 1, 1, 0, 1, NULL, 1, 1, '2015-12-08 09:30:06', 1, '2015-12-08 15:30:06'),
(296, 98, 1, NULL, 4, 8, 22, NULL, 1, 1, 0, 0, 1, NULL, 1, 1, '2015-12-10 11:07:42', 1, '2015-12-10 17:07:34'),
(297, 98, 1, NULL, 1, 3, 22, NULL, 1, 1, 0, 0, 1, NULL, 1, 1, '2015-12-13 06:05:40', 1, '2015-12-13 12:05:44'),
(298, 99, 1, NULL, 4, 8, 22, NULL, 1, 1, 0, 0, 1, NULL, 1, 1, '2016-01-03 10:57:00', 1, '2016-01-03 16:56:46'),
(299, 99, 1, NULL, 1, 3, 22, NULL, 1, 1, 1, 0, 1, NULL, 1, 1, '2016-01-03 10:57:17', 1, '2016-01-03 16:57:05'),
(300, 100, 1, NULL, 3, 4, 26, NULL, 1, 1, 1, 0, 1, NULL, 1, 1, '2016-02-01 12:42:47', 1, '2016-02-01 18:42:49'),
(301, 101, 1, NULL, 3, 4, 24, NULL, 1, 1, 1, 0, 1, NULL, 1, 1, '2016-03-03 09:02:31', 1, '2016-03-03 15:02:34'),
(302, 75, 1, NULL, 4, 2, 27, NULL, 0, 0, 0, 0, 0, NULL, 1, 1, NULL, 1, '2016-11-08 17:01:01'),
(303, 1, 1, NULL, 4, 2, 20, NULL, 0, 0, 0, 0, 0, NULL, 1, 1, NULL, 1, '2016-11-08 17:01:26'),
(304, 77, 1, NULL, 4, 2, 27, NULL, 1, 1, 1, 0, 1, NULL, 1, 1, NULL, 1, '2016-11-08 17:01:43'),
(305, 102, 1, NULL, 1, 3, 28, NULL, 1, 1, 1, 1, 1, NULL, 1, 1, NULL, 1, '2016-11-30 09:47:40'),
(306, 103, 1, NULL, 4, 8, 22, NULL, 1, 1, 0, 0, 1, NULL, 1, 1, NULL, 1, '2016-12-14 10:22:09'),
(307, 103, 1, NULL, 1, 3, 22, NULL, 1, 1, 1, 0, 1, NULL, 1, 1, NULL, 1, '2016-12-11 09:35:00');

-- --------------------------------------------------------

--
-- Table structure for table `sa_ug_level`
--

CREATE TABLE IF NOT EXISTS `sa_ug_level` (
  `UG_LEVEL_ID` bigint(14) NOT NULL AUTO_INCREMENT,
  `ORG_ID` int(11) DEFAULT '1',
  `USERGRP_ID` bigint(14) DEFAULT NULL,
  `SUB_PROJ_ID` bigint(14) DEFAULT NULL,
  `UGLEVE_NAME` varchar(50) DEFAULT NULL,
  `ORDER_SL` tinyint(2) DEFAULT NULL,
  `ACTIVE_STATUS` tinyint(1) DEFAULT '1',
  `ENTERED_BY` int(10) DEFAULT NULL,
  `ENTRY_TIMESTAMP` datetime DEFAULT NULL,
  `UPDATE_BY` int(10) DEFAULT NULL,
  `UPDATED_TIMESTAMP` datetime DEFAULT NULL,
  PRIMARY KEY (`UG_LEVEL_ID`)
) ENGINE=InnoDB  DEFAULT CHARSET=utf8 AUTO_INCREMENT=18 ;

--
-- Dumping data for table `sa_ug_level`
--

INSERT INTO `sa_ug_level` (`UG_LEVEL_ID`, `ORG_ID`, `USERGRP_ID`, `SUB_PROJ_ID`, `UGLEVE_NAME`, `ORDER_SL`, `ACTIVE_STATUS`, `ENTERED_BY`, `ENTRY_TIMESTAMP`, `UPDATE_BY`, `UPDATED_TIMESTAMP`) VALUES
(2, 1, 4, 1, 'Admin', NULL, 1, 1, '2015-06-06 08:05:26', 1, '2015-10-01 04:46:46'),
(3, 1, 1, NULL, 'Super Admin', NULL, 1, 1, '2015-06-07 10:04:30', 1, '2015-10-01 04:46:23'),
(4, 1, 3, NULL, 'Admin', NULL, 1, 1, '2015-06-10 10:25:38', NULL, '2015-06-10 10:25:38'),
(7, 1, 4, NULL, 'Accounts', NULL, 1, 1, '2015-08-06 06:49:18', NULL, '2015-08-06 06:49:18'),
(8, 1, 4, NULL, 'M & E', NULL, 1, 1, '2015-08-06 06:49:39', NULL, '2015-08-06 06:49:39'),
(9, 1, 4, NULL, 'AIF', NULL, 1, 1, '2015-08-06 06:51:49', 1, '2015-09-14 08:47:04'),
(10, 1, 4, NULL, 'Security & Admin', NULL, 1, 1, '2015-08-31 09:25:15', NULL, '2015-08-31 09:25:15'),
(12, 1, 4, NULL, 'Procurement', NULL, 1, 1, '2015-09-14 08:47:17', NULL, '2015-09-14 08:47:17'),
(13, 1, 5, NULL, 'Planning', NULL, 1, 1, '2015-09-22 06:03:52', NULL, '2015-09-22 06:03:52'),
(14, 1, 5, NULL, 'Development', NULL, 1, 1, '2015-09-22 06:04:05', NULL, '2015-09-22 06:04:05'),
(15, 1, 6, NULL, 'Admin 1', NULL, 1, 1, '2015-09-22 06:31:43', NULL, '2015-09-22 06:31:43'),
(16, 1, 6, NULL, 'Admin 2', NULL, 1, 1, '2015-09-22 06:31:54', NULL, '2015-09-22 06:31:54'),
(17, 1, 3, NULL, 'VC', NULL, 1, 1, '2015-10-08 04:03:12', NULL, '2015-10-08 04:03:12');

-- --------------------------------------------------------

--
-- Table structure for table `sa_users`
--

CREATE TABLE IF NOT EXISTS `sa_users` (
  `USER_ID` int(11) NOT NULL AUTO_INCREMENT,
  `USERNAME` varchar(20) DEFAULT NULL,
  `USERPW` varchar(60) NOT NULL,
  `ORG_ID` int(11) NOT NULL DEFAULT '1',
  `INSTITUTE_NO` int(11) DEFAULT NULL,
  `SUB_PROJ_ID` int(11) DEFAULT NULL,
  `USERGRP_ID` bigint(3) DEFAULT NULL,
  `USERLVL_ID` tinyint(2) DEFAULT NULL,
  `FIRST_NAME` varchar(80) DEFAULT NULL,
  `MIDDLE_NAME` varchar(80) DEFAULT NULL,
  `LAST_NAME` varchar(80) NOT NULL,
  `FULL_NAME` varchar(150) DEFAULT NULL,
  `EMAIL` varchar(40) NOT NULL,
  `USERIMG` varchar(100) DEFAULT NULL,
  `IS_ADMIN` tinyint(1) DEFAULT '0',
  `GENDER` enum('M','F','O') DEFAULT 'M' COMMENT 'M= Male, F= Female, O=Others',
  `PROFILE_PIC_NAME` varchar(30) DEFAULT NULL,
  `STATUS` tinyint(1) DEFAULT '1',
  `ENTERED_BY` int(10) DEFAULT NULL,
  `ENTRY_TIMESTAMP` datetime DEFAULT NULL,
  `UPDATE_BY` int(10) DEFAULT NULL,
  `UPDATED_TIMESTAMP` datetime DEFAULT NULL,
  PRIMARY KEY (`USER_ID`)
) ENGINE=InnoDB  DEFAULT CHARSET=utf8 AUTO_INCREMENT=656 ;

--
-- Dumping data for table `sa_users`
--

INSERT INTO `sa_users` (`USER_ID`, `USERNAME`, `USERPW`, `ORG_ID`, `INSTITUTE_NO`, `SUB_PROJ_ID`, `USERGRP_ID`, `USERLVL_ID`, `FIRST_NAME`, `MIDDLE_NAME`, `LAST_NAME`, `FULL_NAME`, `EMAIL`, `USERIMG`, `IS_ADMIN`, `GENDER`, `PROFILE_PIC_NAME`, `STATUS`, `ENTERED_BY`, `ENTRY_TIMESTAMP`, `UPDATE_BY`, `UPDATED_TIMESTAMP`) VALUES
(1, 'admin', '6ebe76c9fb411be97b3b0d48b791a7c9', 1, 0, 0, 1, 3, 'ATI', 'Limited', 'Admin', 'ATI Limited Admin', 'admin@atilimited.net', NULL, 1, 'M', '2015_09_15_a75bdba.jpg', 1, NULL, '2015-04-24 18:00:00', 140, '2015-11-16 05:52:06'),
(2, 'heqep', 'e10adc3949ba59abbe56e057f20f883e', 1, 0, 0, 4, 2, 'Heigher', 'Education', 'Equepment', 'Heigher Education Equepment', 'admin@atilimited.net', NULL, 1, 'M', NULL, 1, NULL, '2015-04-24 18:00:00', 1, '2015-10-26 03:50:07'),
(3, 'tahmina', 'e10adc3949ba59abbe56e057f20f883e', 1, 2, 101, 3, 4, 'ATI', 'Limited', 'Admin', 'ATI Limited Admin', 'admin@atilimited.net', NULL, 1, 'F', NULL, 1, NULL, '2015-04-24 18:00:00', 1, '2015-09-12 08:48:39'),
(4, 'jakir', '25d55ad283aa400af464c76d713c07ad', 1, 22, 89, 3, 4, 'Jakir', 'Hossain', 'Mollik', 'Jakir Hossain Mollik', 'admin@atilimited.net', NULL, 1, 'M', '', 1, NULL, '2015-04-24 18:00:00', 140, '2015-10-03 08:38:32'),
(5, 'sohid', 'e10adc3949ba59abbe56e057f20f883e', 1, NULL, NULL, 4, 2, 'Shahidul', 'Islam', 'Molla', 'Shahidul Islam Molla', 'shahidul@atilimited.net', NULL, 1, 'M', '', 1, NULL, '2015-04-24 18:00:00', NULL, '2015-08-31 12:22:14'),
(6, 'aminul', '4384f09cbc69c98f74dcdadc642701c9', 1, 0, 0, 4, 2, 'Aminul', 'Huq', 'H', 'Aminul Huq H', 'itaminul@gmail.com', NULL, 1, 'M', '', 1, NULL, '2015-04-24 18:00:00', 1, '2015-11-10 11:51:44'),
(7, 'muhashin', 'e10adc3949ba59abbe56e057f20f883e', 1, 11, 48, 3, 4, 'Muhashin', '', 'Khan', 'Muhashin  Khan', 'admin@atilimited.net', NULL, 1, 'M', NULL, 1, NULL, '2015-04-24 18:00:00', 1, '2015-08-31 05:29:55'),
(10, 'habib', '25d55ad283aa400af464c76d713c07ad', 1, 0, 0, 4, 9, 'Md.', 'Habib', 'Ullah', 'Md. Habib Ullah', 'habib@yahoo.com', NULL, 0, 'M', 'Lighthouse.jpg', 1, NULL, '2015-06-21 05:57:38', 140, '2015-09-14 08:51:47'),
(61, 'tamim', '25d55ad283aa400af464c76d713c07ad', 1, 4, 112, 3, 4, 'M.D', 'Tamim', 'khan', 'M.D Tamim khan', 'tamim@yahoo.com', NULL, 0, 'M', '', 0, NULL, '2015-06-28 05:01:13', 5, '2015-08-17 11:42:48'),
(62, 'maruf', 'e10adc3949ba59abbe56e057f20f883e', 1, 10, 39, 3, 4, 'Maruf', 'Hossain', 'Khan', 'Maruf Hossain Khan', 'maruf@atilimited.net', NULL, 0, 'M', '', 1, NULL, '2015-07-29 09:33:26', 1, '2015-10-06 06:07:53'),
(63, 'zakir', 'e10adc3949ba59abbe56e057f20f883e', 1, NULL, NULL, 3, 4, 'zakir', 'Hossain', 'khan', 'zakir Hossain khan', 'khan@atilimited.net', NULL, 0, 'M', '', 1, NULL, '2015-07-29 09:35:21', NULL, '2015-08-31 12:23:52'),
(64, 'accounts', 'e10adc3949ba59abbe56e057f20f883e', 1, 0, 0, 4, 7, 'Accounts', '', 'Chief', 'Accounts  Chief', 'accounts@heqep.com', NULL, 0, 'M', '', 1, NULL, '2015-08-06 11:18:54', 1, '2015-11-10 11:51:09'),
(65, 'mahmood', '71918f2a728a4885307da42378db1723', 1, 0, 0, 1, 0, 'Md. ', 'Mahmood', 'Hussain', 'Md.  Mahmood Hussain', 'mahmood939@yahoo.com', NULL, 0, 'M', '', 1, NULL, '2015-08-06 11:20:30', 1, '2015-09-06 14:49:54'),
(66, 'me', '123456', 1, NULL, NULL, 4, 8, 'Monitoring', 'And', 'Evalution', 'Monitoring And Evalution', 'monitoring@gmail.com', NULL, 0, 'M', '', 1, NULL, '2015-08-08 08:46:08', NULL, '2015-09-03 05:01:34'),
(67, 'procrement', 'e10adc3949ba59abbe56e057f20f883e', 1, 0, 0, 4, 9, 'Procurement', '', 'Department', 'Procurement  Department', 'maruf@gmail.com', NULL, 0, 'M', '2015_08_08_24ac838.jpg', 1, 1, '2015-08-08 09:24:52', 1, '2015-08-08 10:54:43'),
(68, 'rakib', 'e10adc3949ba59abbe56e057f20f883e', 1, 3, 104, 3, 4, 'Rakib', '', 'Hasan', 'Rakib  Hasan', 'rakib@gmail.com', NULL, 0, 'M', '2015_08_08_7e90c4b.jpg', 1, 1, '2015-08-08 11:08:24', NULL, '2015-08-08 11:08:24'),
(69, 'karim', 'e10adc3949ba59abbe56e057f20f883e', 1, 3, 0, 4, 7, 'Md.', 'Abdul', 'Karim', 'Md. Abdul Karim', '', NULL, 1, 'M', NULL, 1, 1, '2015-08-12 03:45:03', 142, '2015-08-31 06:52:11'),
(71, 'saif', 'e10adc3949ba59abbe56e057f20f883e', 1, 10, 45, 3, 4, 'Salauddin', 'Saif', '', 'Salauddin Saif', 'saif.ati.net@gmail.com', NULL, 0, 'M', '2015_08_18_c8377ad.jpg', 1, 1, '2015-08-18 09:49:09', NULL, '2015-09-12 06:02:43'),
(72, 'mamomen', 'c6623552fe96c88eaf273f64e4925f3b', 1, 0, 0, 4, 8, 'Md. Abdul', '', 'Momen', 'Md. Abdul  Momen', 'ma_momen49@yahoo.com', NULL, 0, 'M', '2015_09_01_27aa773.jpg', 1, 1, '2015-08-18 09:49:39', 72, '2015-09-01 05:26:38'),
(123, 'ashis', '6ebe76c9fb411be97b3b0d48b791a7c9', 1, 20, 71, 3, 4, 'Ashis', '', 'Sharker', 'Ashis  Sharker', 'ashis@atilimited.net', NULL, 0, 'M', NULL, 1, 1, '2015-08-20 08:25:07', 140, '2015-08-20 08:25:07'),
(125, 'dadi', 'e10adc3949ba59abbe56e057f20f883e', 1, 0, 0, 4, 8, 'Dadi', '', 'Dadi', 'Dadi  Dadi', 'ashis@atilimited.net', NULL, 0, 'F', NULL, 1, 1, '2015-08-20 08:28:07', NULL, '2015-08-20 08:28:07'),
(140, 'khaled_m&e', '6ebe76c9fb411be97b3b0d48b791a7c9', 1, 0, 0, 4, 8, 'Khaled', '', 'Hassan', 'Khaled  Hassan', 'khaled@atilimited.net', NULL, 0, 'M', '2015_09_09_acc9a9c.jpg', 1, 1, '2015-08-27 05:38:50', 140, '2015-09-09 09:39:25'),
(141, 'abdulkarim', '25d55ad283aa400af464c76d713c07ad', 1, 6, 24, 3, 4, 'Abdul', '', 'Karim', 'Abdul  Karim', 'abdulkarim@atilimited.net', NULL, 0, 'M', '2015_08_27_2bf5e20.jpg', 1, 140, '2015-08-27 09:53:40', 140, '2015-09-21 05:04:17'),
(142, 'rafiquel', 'e10adc3949ba59abbe56e057f20f883e', 1, 0, 0, 4, 12, 'Rafiquel', '', 'Islam', 'Rafiquel  Islam', 'rafiquel@atilimited.net', NULL, 0, 'M', '2015_08_27_dd45045.jpg', 1, 140, '2015-08-27 11:04:15', 140, '2015-09-20 13:32:00'),
(143, 'mustafa', '25d55ad283aa400af464c76d713c07ad', 1, 0, 0, 4, 8, 'Muhammad ', '', 'Mustafa', 'Muhammad   Mustafa', 'shapla1959@yahoo.com', NULL, 0, 'M', '2015_09_01_f466139.jpg', 1, 72, '2015-09-01 05:29:37', 144, '2015-09-02 05:09:03'),
(144, 'mahmood939', '25d55ad283aa400af464c76d713c07ad', 1, 0, 0, 4, 2, 'Md.Mahmood', '-', 'Hussain', 'Md.Mahmood - Hussain', 'mahmood939@yahoo.com', NULL, 0, 'M', '2015_09_03_3058ef5.jpg', 1, 143, '2015-09-01 06:11:42', 1, '2015-09-03 04:49:32'),
(145, 'Tipu', '6cb0ba18b4c2a1f72a97e91b955026c1', 1, 0, 0, 4, 8, 'Md. Moklesur ', '', 'Rahman', 'Md. Moklesur   Rahman', 'mrahmantipu1977@yahoo.com', NULL, 0, 'M', NULL, 1, 140, '2015-09-01 06:12:50', 140, '2015-09-01 11:09:38'),
(146, 'Tipu1', '6cb0ba18b4c2a1f72a97e91b955026c1', 1, 0, 0, 4, 8, 'Md. Moklesur ', '', 'Rahman', 'Md. Moklesur   Rahman', 'mrahmantipu1977@yahoo.com', NULL, 0, 'M', NULL, 1, 140, '2015-09-01 06:12:54', 140, '2015-09-02 08:56:04'),
(147, 'Tipu2', '6cb0ba18b4c2a1f72a97e91b955026c1', 1, 0, 0, 4, 8, 'Md. Moklesur ', '', 'Rahman', 'Md. Moklesur   Rahman', 'mrahmantipu1977@yahoo.com', NULL, 0, 'M', NULL, 1, 140, '2015-09-01 06:12:59', 140, '2015-09-02 08:56:16'),
(148, 'Tipu3', '6cb0ba18b4c2a1f72a97e91b955026c1', 1, 0, 0, 4, 8, 'Md. Moklesur ', '', 'Rahman', 'Md. Moklesur   Rahman', 'mrahmantipu1977@yahoo.com', NULL, 0, 'M', NULL, 1, 140, '2015-09-01 06:13:04', 140, '2015-09-02 08:56:22'),
(149, 'Momen', 'c6623552fe96c88eaf273f64e4925f3b', 1, 0, 0, 1, 3, 'Md. Abdul', '', 'Momen', 'Md. Abdul  Momen', 'ma_momen49@yahoo.com', NULL, 0, 'M', NULL, 1, 140, '2015-09-01 06:13:08', 1, '2015-11-10 11:50:26'),
(150, 'habib25', 'b7a2c3b25c9441b0a38d0a874ace268b', 1, 0, NULL, 4, 8, 'Md.Habib', '-', 'Ahmed', 'Md.Habib - Ahmed', '', NULL, 0, 'M', NULL, 1, 143, '2015-09-02 05:12:23', NULL, '2015-09-02 05:12:23'),
(151, 'hussain', '25d55ad283aa400af464c76d713c07ad', 1, 64, 367, 3, 4, 'Md.Mahmood', '', 'Hussain', 'Md.Mahmood  Hussain', 'heqep4m@gmail.com', NULL, 0, 'M', '2015_09_02_2bec63f.jpg', 1, 140, '2015-09-02 06:31:28', 140, '2015-09-20 08:16:03'),
(152, 'rakb', 'e10adc3949ba59abbe56e057f20f883e', 1, 0, 0, 4, 7, 'Rakib', '', 'Shab', 'Rakib  Shab', '', NULL, 0, 'M', NULL, 1, 5, '2015-09-06 05:12:43', NULL, '2015-09-06 05:12:43'),
(153, 'tania', '25d55ad283aa400af464c76d713c07ad', 1, 0, 0, 4, 7, 'Tania', '', 'Rahman', 'Tania  Rahman', 'taniarahman52@yahoo.com', NULL, 0, 'F', '2015_09_06_313e988.jpg', 1, 69, '2015-09-06 05:13:06', 69, '2015-09-06 05:14:21'),
(154, 'ahmad', '22d7fe8c185003c98f97e5d6ced420c7', 1, 0, 0, 4, 7, 'Ahmad', '', 'Haque', 'Ahmad  Haque', 'ahmad.haq2008@gmail.com', NULL, 0, 'M', NULL, 1, 69, '2015-09-06 05:14:35', NULL, '2015-09-06 05:17:55'),
(155, 'ahmad', '22d7fe8c185003c98f97e5d6ced420c7', 1, 0, 0, 4, 7, 'Ahmad', '', 'Haque', 'Ahmad  Haque', 'ahmad.haq2008@gmail.com', NULL, 0, 'M', NULL, 0, 69, '2015-09-06 05:14:40', NULL, '2015-09-06 05:14:40'),
(156, 'ahmad', '22d7fe8c185003c98f97e5d6ced420c7', 1, 0, 0, 4, 7, 'Ahmad', '', 'Haque', 'Ahmad  Haque', 'ahmad.haq2008@gmail.com', NULL, 0, 'M', NULL, 0, 69, '2015-09-06 05:14:48', NULL, '2015-09-06 05:14:48'),
(157, 'arifur', '25d55ad283aa400af464c76d713c07ad', 1, 0, 0, 4, 7, 'Arifur', '', 'Rahman', 'Arifur  Rahman', 'arifur22800@gmail.com', NULL, 0, 'M', '2015_09_06_1ffef63.jpg', 0, 69, '2015-09-06 05:17:54', NULL, '2015-09-06 05:17:54'),
(158, 'ersad', '25d55ad283aa400af464c76d713c07ad', 1, 0, 0, 4, 7, 'Ersadul', '', 'Haque', 'Ersadul  Haque', 'ersadkhan85@gmail.com', NULL, 0, 'M', '2015_09_06_f3c4db6.jpg', 1, 69, '2015-09-06 05:19:26', NULL, '2015-09-06 05:19:26'),
(159, 'eleus', '25d55ad283aa400af464c76d713c07ad', 1, 0, 0, 4, 7, 'Eleus', '', 'Khan', 'Eleus  Khan', 'eleuskhan20@gmail.com', NULL, 0, 'M', '2015_09_06_905d8fc.jpg', 1, 69, '2015-09-06 05:20:51', NULL, '2015-09-06 05:20:51'),
(160, 'mohasin', '25d55ad283aa400af464c76d713c07ad', 1, 0, 0, 4, 7, 'Gazi MD', '', 'Mohasin', 'Gazi MD  Mohasin', 'gmmwz@yahoo.com', NULL, 0, 'M', '2015_09_06_b7196f5.jpg', 1, 69, '2015-09-06 05:22:43', NULL, '2015-09-06 05:22:43'),
(161, 'ali', '25d55ad283aa400af464c76d713c07ad', 1, 1, 93, 3, 4, 'Md. Harun', '', 'Ali', 'Md. Harun  Ali', 'harunali@gmail.com', NULL, 0, 'M', NULL, 0, 69, '2015-09-06 14:52:54', NULL, '2015-09-06 14:52:54'),
(162, 'tipu19777', '75cfa791b20116fb3eeb665e85823524', 1, 0, 0, 1, 3, 'Md. Moklesur ', 'Rahman', 'Tipu', 'Md. Moklesur  Rahman Tipu', 'mrahmantipu1977@yahoo.com', NULL, 0, 'M', NULL, 1, 143, '2015-09-08 06:28:30', 1, '2015-11-01 04:54:40'),
(163, 'rashed', '25d55ad283aa400af464c76d713c07ad', 1, 0, 0, 4, 9, 'Rashed', '', 'Khan', 'Rashed  Khan', 'rasheduzzaman@atilimited.net', NULL, 0, 'M', '2015_09_12_7a16092.jpg', 1, 1, '2015-09-12 04:50:49', NULL, '2015-09-12 04:50:49'),
(164, 'khalid', '25d55ad283aa400af464c76d713c07ad', 1, 22, 89, 3, 4, 'Rakib', '', 'Ahamed', 'Rakib  Ahamed', 'khalid.shifullah@yahoo.com', NULL, 0, 'M', '2015_09_13_9ff7c9e.jpg', 1, 140, '2015-09-13 05:46:29', NULL, '2015-09-13 05:46:29'),
(165, 'zakir7511', '25d55ad283aa400af464c76d713c07ad', 1, 0, 0, 4, 9, 'Zakir', '', 'Hussain', 'Zakir  Hussain', 'zakir7511@yahoo.com', NULL, 0, 'M', '2015_09_13_9745c83.jpg', 1, 140, '2015-09-13 10:07:04', 1, '2015-09-13 10:07:04'),
(166, 'khalid_shifullah', '25d55ad283aa400af464c76d713c07ad', 1, 0, 0, 4, 8, 'Khalid', '', 'Shifullah', 'Khalid  Shifullah', 'khalid.shifullah@yahoo.com', NULL, 0, 'M', '2015_09_13_5e083bd.jpg', 1, 165, '2015-09-13 10:09:22', NULL, '2015-09-13 10:09:22'),
(167, 'goutam', '25d55ad283aa400af464c76d713c07ad', 1, 0, 0, 4, 8, 'Goutam', 'Chandra', 'Roy', 'Goutam Chandra Roy', 'roy.goutamchandra@gmail.com', NULL, 0, 'M', '2015_09_13_2542807.jpg', 1, 165, '2015-09-13 10:11:28', NULL, '2015-09-13 10:11:28'),
(168, 'tarique', '25d55ad283aa400af464c76d713c07ad', 1, 0, 0, 4, 9, 'tarique', 'aziz', 'masum', 'tarique aziz masum', 'tariqmasum@gmail.com ', NULL, 0, 'M', NULL, 1, 167, '2015-09-14 05:06:17', 167, '2015-09-14 06:49:36'),
(169, 'korban_ali', '25d55ad283aa400af464c76d713c07ad', 1, 0, 0, 4, 2, 'Korban', '', 'Ali', 'Korban  Ali', 'korbanali1956@gmail.com', NULL, 0, 'M', '2015_09_14_499cb2e.jpg', 1, 140, '2015-09-14 05:16:12', 169, '2015-09-14 05:21:18'),
(170, 'akbar', '4f84038cd382c2a2fa30cdd0bab7fd71', 1, 0, 0, 4, 9, 'akbar', 'ali', 'biswas', 'akbar ali biswas', 'ak0406bd@gmil.com', NULL, 0, 'M', '2015_09_14_f1e1fd9.jpg', 1, 166, '2015-09-14 05:19:27', 170, '2015-09-15 05:12:12'),
(171, 'gazinazrul', '25d55ad283aa400af464c76d713c07ad', 1, 0, 0, 4, 9, 'Gazi Md.', 'Nazrul', 'Islam', 'Gazi Md. Nazrul Islam', 'gazimdnazrulislam@gmail.com', NULL, 0, 'M', '2015_09_15_69783ee.jpg', 1, 1, '2015-09-15 05:39:50', NULL, '2015-09-15 05:39:50'),
(172, 'farhadul', '25d55ad283aa400af464c76d713c07ad', 1, 0, 0, 4, 9, 'Md. Farhadul', 'Isalm', 'Bhuiyan', 'Md. Farhadul Isalm Bhuiyan', 'farhad_117@hotmail.com', NULL, 0, 'M', '2015_09_15_3940986.jpg', 1, 1, '2015-09-15 05:48:54', NULL, '2015-09-15 05:48:54'),
(173, 'bsaif2000', '25d55ad283aa400af464c76d713c07ad', 1, 0, 0, 4, 12, 'Saif', 'Uddin', 'Ahmed', 'Saif Uddin Ahmed', 'bsaif2000@yahoo.com', NULL, 0, 'M', '2015_09_16_0a9c191.jpg', 1, 1, '2015-09-16 06:22:33', 1, '2015-09-16 06:22:33'),
(174, 'abdulkarim2', '25d55ad283aa400af464c76d713c07ad', 1, 6, 25, 3, 4, 'Md. Abdul', '', 'Karim 2', 'Md. Abdul  Karim 2', '', NULL, 0, 'M', '2015_09_21_3d96a03.jpg', 1, 140, '2015-09-21 06:59:18', NULL, '2015-09-21 06:59:18'),
(175, 'abdulkarim3', '25d55ad283aa400af464c76d713c07ad', 1, 46, 375, 3, 4, 'Abduk', '', 'Karim 3', 'Abduk  Karim 3', 'abdulkarim3@gmail.com', NULL, 0, 'M', '2015_09_21_83cbc5e.jpg', 1, 140, '2015-09-21 07:26:42', 1, '2015-09-21 07:26:42'),
(176, 'fsharmin', '25d55ad283aa400af464c76d713c07ad', 1, 0, 0, 6, 15, 'Farzana', '', 'Sharmin', 'Farzana  Sharmin', 'farzana1205@yahoo.com', NULL, 0, 'F', '2015_09_22_880610a.jpg', 1, 1, '2015-09-22 06:39:57', 1, '2015-09-22 06:55:55'),
(177, 'spm1', '25d55ad283aa400af464c76d713c07ad', 1, 10, 41, 3, 4, 'SPM', '', '1', 'SPM  1', 'khaled@atilimited.net', NULL, 0, 'M', NULL, 1, 1, '2015-10-01 09:59:59', 1, '2015-10-01 10:00:28'),
(178, 'abdulkarim4', '25d55ad283aa400af464c76d713c07ad', 1, 46, 375, 3, 4, 'Abdul', '', 'Karim', 'Abdul  Karim', 'karimmamun@gmail.com', NULL, 0, 'M', '2015_10_05_7bcd915.jpg', 1, 140, '2015-10-05 05:49:40', NULL, '2015-10-05 05:49:40'),
(179, 'momin', '9141f2f132dff383dbacde95f39b1b88', 1, 10, 39, 3, 17, 'Mr', 'Mominul', 'Islam', 'Mr Mominul Islam', 'saif.ati.net2@gmail.com', NULL, 0, 'O', '2015_10_08_dec8b1a.jpg', 1, 62, '2015-10-08 06:01:40', 62, '2015-11-08 06:09:34'),
(180, 'reza3636', '25d55ad283aa400af464c76d713c07ad', 1, 28, 352, 3, 4, 'Zulfikar', 'Ahmed', 'Reza', 'Zulfikar Ahmed Reza', 'zareza_sarker@yahoo.com', NULL, 0, 'M', NULL, 1, 1, '2015-10-11 04:39:31', 1, '2015-10-11 09:37:14'),
(181, 'reza3636', '25d55ad283aa400af464c76d713c07ad', 1, 28, 352, 3, 4, 'Zulfikar', '', 'Reza', 'Zulfikar  Reza', 'zareza_sarker@yahoo.com', NULL, 0, 'M', NULL, 0, 1, '2015-10-11 04:39:36', NULL, '2015-10-11 04:39:36'),
(182, 'b003', '25d55ad283aa400af464c76d713c07ad', 1, 28, 376, 3, 4, 'Asaduzzaman', '', 'Khan', 'Asaduzzaman  Khan', 'makhan_sau@ymail.com', NULL, 0, 'M', NULL, 1, 140, '2015-10-11 05:53:03', 1, '2015-10-11 05:53:03'),
(183, 'cp-3654', '25d55ad283aa400af464c76d713c07ad', 1, 28, 342, 3, 4, 'Md.', 'Anwarul', 'Islam', 'Md. Anwarul Islam', 'anwarpulak@gmal.om', NULL, 0, 'M', NULL, 1, 1, '2015-10-11 05:53:21', NULL, '2015-10-11 05:53:21'),
(184, 'Zahidul3655', '25d55ad283aa400af464c76d713c07ad', 1, 28, 343, 3, 4, 'M. Zahidul ', '', 'Haque', 'M. Zahidul   Haque', 'prof_haque@hotmail.com', NULL, 0, 'M', NULL, 1, 162, '2015-10-11 05:53:50', 162, '2015-10-11 05:54:41'),
(185, 'cp-3645', '0a4b54014b0bd9364042d9551e91721f', 1, 28, 309, 3, 4, 'Sheikh', 'Shawkat', 'Zamil', 'Sheikh Shawkat Zamil', 'zamil_sk@hotmail.com', NULL, 0, 'M', NULL, 1, 1, '2015-10-11 05:58:02', NULL, '2015-10-11 05:58:02'),
(186, 'bhuiyan3646', '25d55ad283aa400af464c76d713c07ad', 1, 28, 310, 3, 4, 'MSR', '', 'Bhuiyan', 'MSR  Bhuiyan', 'ipbscfc2009@gmail.com', NULL, 0, 'M', NULL, 1, 162, '2015-10-11 05:59:44', 1, '2015-10-11 06:42:50'),
(187, 'cp-3643', '25d55ad283aa400af464c76d713c07ad', 1, 28, 308, 3, 4, 'Mohammad', 'Humayun', 'Kabir', 'Mohammad Humayun Kabir', 'kabirsau@yahoo.com', NULL, 0, 'M', NULL, 1, 1, '2015-10-11 06:00:48', 187, '2015-10-11 06:10:26'),
(188, 'cp3642', '25d55ad283aa400af464c76d713c07ad', 1, 28, 307, 3, 4, 'Prof. Dr. Parimal', 'Kanti', 'Biswas', 'Prof. Dr. Parimal Kanti Biswas', 'parimalbiswas@hotmail.com', NULL, 0, 'M', NULL, 1, 1, '2015-10-11 06:06:24', 1, '2015-10-11 06:06:24'),
(189, 'cp3656', '25d55ad283aa400af464c76d713c07ad', 1, 28, 344, 3, 4, 'Mohammad', 'Salahuddin Mahmood', 'Chowdhury', 'Salahuddin Mahamud Chowdhury', 'smc_1968@yahoo.com', NULL, 0, 'M', NULL, 1, 1, '2015-10-11 07:15:05', 1, '2015-10-11 07:15:05'),
(190, 'cp-720', '25d55ad283aa400af464c76d713c07ad', 1, 28, 377, 3, 4, 'Md. ', 'Abdul', 'Karim', 'Md.  Abdul Karim', 'karimmaun@gmail.com', NULL, 0, 'M', NULL, 1, 1, '2015-10-14 04:45:58', NULL, '2015-10-14 04:45:58'),
(191, 'tamimvc', '25d55ad283aa400af464c76d713c07ad', 1, 4, 112, 3, 17, 'Karim', '', 'Vai', 'Karim  Vai', 'karim@atilimited.net', NULL, 0, 'M', NULL, 0, 61, '2015-10-17 04:54:21', NULL, '2015-10-17 04:54:21'),
(192, 'cp-720-vc', '25d55ad283aa400af464c76d713c07ad', 1, 28, 377, 3, 17, 'Md.', 'Andul', 'Karim', 'Md. Andul Karim', 'karimmaun@gmail.com', NULL, 0, 'M', NULL, 1, 1, '2015-10-17 05:29:18', NULL, '2015-10-17 05:29:18'),
(193, 'mahbub_3357', 'c33367701511b4f6020ec61ded352059', 1, 66, 258, 3, 4, 'Mahbub', '', 'Alam', 'Mahbub  Alam', 'mahbubalam@iub.edu.bd', NULL, 0, 'M', NULL, 1, 140, '2015-10-18 03:50:46', 140, '2015-10-18 04:00:14'),
(194, 'kabir-A012', '7ae4bb0de2c76aebb3dfaa6aa79493a0', 1, 80, 391, 3, 4, 'Md.', 'Shahidul', 'Kabir', 'Md. Shahidul Kabir', 'mskabir@yahoo.com', NULL, 0, 'M', '2015_10_18_1a62026.jpg', 1, 162, '2015-10-18 03:52:49', 1, '2015-10-18 04:57:20'),
(195, 'mataharul_3293', '25d55ad283aa400af464c76d713c07ad', 1, 62, 328, 3, 4, 'M. Ataharul', '', 'Islam', 'M. Ataharul  Islam', 'mataharul@yahoo.com', NULL, 0, 'M', NULL, 1, 140, '2015-10-18 03:55:01', 140, '2015-10-18 03:59:42'),
(196, 'cp3289', '25d55ad283aa400af464c76d713c07ad', 1, 62, 261, 3, 4, 'Tanbir', '', 'Chowdhury', 'Tanbir  Chowdhury', 'tanbir@ewubd.edu', NULL, 0, 'M', NULL, 1, 140, '2015-10-18 03:58:55', 1, '2015-10-18 03:58:55'),
(197, 'cp3359', '25d55ad283aa400af464c76d713c07ad', 1, 66, 259, 3, 4, 'Ali', 'Shihab', 'Sabbir', 'Ali Shihab Sabbir', 'asabbir@iub.edu.bd', NULL, 0, 'M', NULL, 1, 140, '2015-10-18 04:02:00', 1, '2015-10-18 04:40:20'),
(198, 'cp3296', 'aaadca4dd9191319f6601f25e82272ae', 1, 62, 329, 3, 4, 'Rafiqul', '', 'Chaudhury', 'Rafiqul  Chaudhury', 'rafiqul.chaudhury@gmail.com', NULL, 0, 'M', NULL, 1, 140, '2015-10-18 04:16:30', 198, '2015-10-18 04:16:30'),
(199, 'cp3658', '25d55ad283aa400af464c76d713c07ad', 1, 80, 263, 3, 4, 'Maudood', '', 'Elahi', 'Maudood  Elahi', 'elahikm@stamforduniversity.edu.bd', NULL, 0, 'M', NULL, 1, 140, '2015-10-18 04:18:56', 1, '2015-10-18 04:18:56'),
(200, 'cp3505', '072bd97b125167142a70219f24ff6766', 1, 73, 326, 3, 4, 'Nuheen', 'Mahmud', 'Khan', 'Nuheen Mahmud Khan', 'nuheen.khan@northsouth.edu', NULL, 0, 'M', NULL, 1, 140, '2015-10-18 04:22:55', 200, '2015-10-18 04:22:55'),
(201, 'faruk_3061', 'b911e8e699c032106b4c01a8cfd582fb', 1, 55, 260, 3, 4, 'Mohammad', '', 'Faruk', 'Mohammad  Faruk', 'mfaruk@bracu.ac.bd', NULL, 0, 'M', NULL, 1, 140, '2015-10-18 04:39:40', 201, '2015-10-18 04:39:40'),
(202, 'afshana_3063', 'cdebd98c5364def62fd762b46c8ff30f', 1, 55, 349, 3, 4, 'Afshana', '', 'Choudhury', 'Afshana  Choudhury', 'afshanachowdhury@gmail.com', NULL, 0, 'F', NULL, 1, 140, '2015-10-18 04:43:18', NULL, '2015-10-18 04:43:18'),
(203, 'mahbub_b008', 'c33367701511b4f6020ec61ded352059', 1, 66, 402, 3, 4, 'Mahbub', '', 'Alam', 'Mahbub  Alam', 'mahbubalam@iub.edu.bd', NULL, 0, 'M', NULL, 1, 140, '2015-10-18 04:52:33', 1, '2015-10-18 04:52:33'),
(204, 'jubayer3004', '25d55ad283aa400af464c76d713c07ad', 1, 46, 327, 3, 4, 'Md. Jubayer', '', 'Hossain', 'Md. Jubayer  Hossain', 'hossain.jubayer@gmail.com', NULL, 0, 'M', NULL, 1, 140, '2015-10-18 08:40:49', NULL, '2015-10-18 08:40:49'),
(205, 'tawfique_3499', '82a847f957e62bfb286a8f13813aabd0', 1, 73, 257, 3, 4, 'Sk. Tawfique', 'M.', 'Haque', 'Sk. Tawfique M. Haque', 'sktawfique@gmail.com', NULL, 0, 'M', NULL, 1, 162, '2015-10-18 08:47:48', NULL, '2015-10-18 08:47:48'),
(238, 'ahosan', '594f803b380a41396ed63dca39503542', 1, 0, 0, 4, 0, 'Ahoshan', '', 'mia', 'Ahoshan  mia', 'ahosan@gmal.com', NULL, 0, 'M', NULL, 1, 6, '2015-10-19 11:19:50', 1, '2015-10-26 11:24:01'),
(239, 'nhmabu_3170', '7f17d0af82b0e567ffff867b0822131b', 1, 7, 298, 3, 4, 'NHM', 'Abu', 'Bakar', 'NHM Abu Bakar', 'nhmabu@yahoo.com', NULL, 0, 'M', NULL, 1, 140, '2015-10-20 04:17:25', 1, '2015-10-20 04:17:25'),
(240, 'faruque_3156', '25d55ad283aa400af464c76d713c07ad', 1, 7, 224, 3, 4, 'Abdullah', 'Al', 'Faruque', 'Abdullah Al Faruque', 'faruquecu71@yahoo.com', NULL, 0, 'M', NULL, 1, 140, '2015-10-20 04:26:38', NULL, '2015-10-20 04:26:38'),
(244, 'scb_3210', '67d823f28e3b6f1134267b6826cec525', 1, 8, 345, 3, 4, 'Sajal', 'Chandra ', 'Banik', 'Sajal Chandra  Banik', 'baniksajal@yahoo.com', NULL, 0, 'M', NULL, 1, 162, '2015-10-20 05:09:41', NULL, '2015-10-20 05:09:41'),
(245, 'jalam_a005', '25d55ad283aa400af464c76d713c07ad', 1, 7, 385, 3, 4, 'Jahangir', '', 'Alam', 'Jahangir  Alam', 'jalam@cu.ac.bd', NULL, 0, 'M', NULL, 1, 140, '2015-10-20 05:14:46', NULL, '2015-10-20 05:14:46'),
(246, 'absarcp3212', 'ffa9d57352806e33503d9ac70b554288', 1, 9, 250, 3, 4, 'Nurul', 'Absar', 'Khan', 'Nurul Absar Khan', 'mnkabsar@yahoo.com', NULL, 0, 'M', NULL, 1, 1, '2015-10-20 05:23:05', NULL, '2015-10-20 05:23:05'),
(247, 'emonkalyanchy', '25d55ad283aa400af464c76d713c07ad', 1, 41, 264, 3, 4, 'Emon', 'Kalyan', 'Chowdhury', 'Emon Kalyan Chowdhury', 'emonkalyanchy@gmail.com', NULL, 0, 'M', '2015_10_20_3bf3dc7.jpg', 1, 162, '2015-10-20 05:31:57', NULL, '2015-10-20 05:31:57'),
(248, 'pdrmhali_b004', '25d55ad283aa400af464c76d713c07ad', 1, 8, 398, 3, 4, 'Prof. Dr. Md.', 'Hazrat', 'Ali', 'Prof. Dr. Md. Hazrat Ali', 'pdrmhali@cuet.ac.bd', NULL, 0, 'M', NULL, 1, 140, '2015-10-20 05:36:14', NULL, '2015-10-20 05:36:14'),
(249, 'mahmud_3200', 'ba6da8c1403e66d3d2a8819b79455b2f', 1, 8, 311, 3, 4, 'Mahmud', '', 'Bhuiyan', 'Mahmud  Bhuiyan', 'imamatin@yahoo.com', NULL, 0, 'M', NULL, 1, 140, '2015-10-20 05:41:28', 249, '2015-10-21 05:57:59'),
(250, 'mahmud_3200', '25d55ad283aa400af464c76d713c07ad', 1, 8, 311, 3, 4, 'Mahmud', '', 'Bhuiyan', 'Mahmud  Bhuiyan', 'imamatin@yahoo.com', NULL, 0, 'M', NULL, 1, 140, '2015-10-20 05:41:33', NULL, '2015-10-20 05:41:33'),
(251, 'cp3329', '1e42e556fb622eece3c37162cba47af0', 1, 29, 350, 3, 4, 'Mohammed', '', 'Safiullah', 'Mohammed  Safiullah', 'safiullah@gmail.com', NULL, 0, 'M', NULL, 1, 1, '2015-10-20 05:43:57', 1, '2015-10-20 05:43:57'),
(252, 'cp3220', '25d55ad283aa400af464c76d713c07ad', 1, 9, 317, 3, 4, 'Sharmin', '', 'Chowdhury', 'Sharmin  Chowdhury', 'sharminchowdury77@gmail.com', NULL, 0, 'F', NULL, 1, 1, '2015-10-20 06:03:27', 1, '2015-10-20 06:03:27'),
(253, 'monir_3167', 'dba7475449ae453a8e1fdee8263aba35', 1, 7, 414, 3, 4, ' MONIR ', '', 'UDDIN', ' MONIR   UDDIN', 'umonir18@yahoo.com', NULL, 0, 'M', NULL, 1, 1, '2015-10-20 06:07:52', 1, '2015-10-20 06:15:14'),
(254, 'cp3222', '25d55ad283aa400af464c76d713c07ad', 1, 9, 333, 3, 4, 'Shah Md. ', 'Zillur', 'Rahman', 'Shah Md.  Zillur Rahman', 'tkzillur2@yahoo.com', NULL, 0, 'M', NULL, 1, 1, '2015-10-20 06:22:13', 1, '2015-10-20 06:39:34'),
(255, 'cp3215', '73be7cf73c39af0ce39237600be96c65', 1, 9, 316, 3, 4, 'AMAM', '', 'SIDDIKI', 'AMAM  SIDDIKI', 'zsiddiki@gmail.com', NULL, 0, 'M', NULL, 1, 162, '2015-10-20 07:19:27', 255, '2015-10-20 17:04:52'),
(375, 'cp3256', '25d55ad283aa400af464c76d713c07ad', 1, 10, 277, 3, 4, 'ASM ', 'Maksud', 'Kamal', 'ASM  Maksud Kamal', 'maksudkamal@du.ac.bd', NULL, 0, 'M', NULL, 1, 148, '2015-10-26 08:58:16', 147, '2015-10-26 09:03:30'),
(381, 'cp3238', '25d55ad283aa400af464c76d713c07ad', 1, 10, 215, 3, 4, 'Md Abdur', 'Rob', 'Mollah', 'Md Abdur Rob Mollah', 'armollahdu@gmail.com', NULL, 0, 'M', NULL, 1, 72, '2015-10-26 09:19:27', 1, '2015-10-26 09:34:27'),
(385, 'cp3274', '25d55ad283aa400af464c76d713c07ad', 1, 10, 330, 3, 4, 'SM Zabed', '', 'Ahmed', 'SM Zabed  Ahmed', 'smzahmed@du.ac.bd', NULL, 0, 'M', NULL, 1, 72, '2015-10-26 09:33:18', 1, '2015-11-01 04:44:37'),
(386, 'cp3274', '25d55ad283aa400af464c76d713c07ad', 1, 10, 330, 3, 4, 'SM Jabed', '', 'Ahmed', 'SM Jabed  Ahmed', 'smzahmed@du.ac.bd', NULL, 0, 'M', NULL, 0, 72, '2015-10-26 09:33:22', 1, '2015-11-01 04:51:33'),
(422, '0', '25d55ad283aa400af464c76d713c07ad', 1, 46, 415, 3, 4, 'Rezaul', '', 'Karim', 'Rezaul  Karim', 'rezaul@atilimited.net', NULL, 0, 'M', NULL, 1, 140, '2015-10-27 09:18:06', NULL, '2015-10-27 09:18:06'),
(436, 'cp-3103', '25d55ad283aa400af464c76d713c07ad', 1, 4, 222, 3, 4, 'Dr. Md. Ziaur', 'Rahman', 'Khan', 'Dr. Md. Ziaur Rahman Khan', 'headeee@eee.buet.ac.bd', NULL, 0, 'M', NULL, 0, 1, '2015-10-28 09:49:30', NULL, '2015-10-28 09:49:30'),
(438, 'abdulkarim5', '25d55ad283aa400af464c76d713c07ad', 1, 46, 416, 3, 4, 'Abdul', '', 'Karim', 'Abdul  Karim', 'khaled@atilimited.net', NULL, 0, 'M', NULL, 1, 1, '2015-10-28 11:12:29', NULL, '2015-10-28 11:12:29'),
(465, 'cp-2080', '25d55ad283aa400af464c76d713c07ad', 1, 4, 112, 3, 4, 'Md.', 'Abu', 'Musa', 'Md. Abu Musa', 'karimmamun@gmail.com', NULL, 0, 'M', NULL, 0, 1, '2015-10-29 05:34:16', 1, '2015-10-29 05:34:16'),
(467, 'liton', '47bce5c74f589f4867dbd57e9ca9f808', 1, 0, 0, 1, 0, 'Liton', '', 'Khan', 'Liton  Khan', 'liton@gmail.com', NULL, 0, 'M', NULL, 0, 1, '2015-10-29 06:22:14', 140, '2015-11-16 06:19:28'),
(468, 'cp-7770', '25d55ad283aa400af464c76d713c07ad', 1, 64, 417, 3, 4, 'Harun', '', 'Ali', 'Harun  Ali', 'harun@gmail.com', NULL, 0, 'M', NULL, 1, 1, '2015-10-29 12:29:06', NULL, '2015-10-29 12:29:06'),
(469, 'abdulkarim5_a', '25d55ad283aa400af464c76d713c07ad', 1, 46, 416, 3, 4, 'Abdul', '', 'Karim', 'Abdul  Karim', 'khaled@atilimited.net', NULL, 0, 'M', NULL, 1, 1, '2015-10-31 05:43:45', NULL, '2015-10-31 05:43:45'),
(470, 'asif', '25d55ad283aa400af464c76d713c07ad', 1, 46, 418, 3, 4, 'Asafur', 'Rahman', 'Asif', 'Asafur  Asif', 'khaled.atilimited@gmail.com', NULL, 0, 'M', NULL, 1, 1, '2015-10-31 09:02:07', 470, '2015-10-31 09:02:07'),
(471, 'cp3270', '475377172254d8955ea9929158441f14', 1, 10, 280, 3, 4, 'Nazma', '', 'Shaheen', 'Nazma  Shaheen', 'nzmshaheen58@gmail.com', NULL, 0, 'F', NULL, 1, 140, '2015-11-01 04:35:30', 1, '2015-11-01 04:35:30'),
(472, 'ishtiaque_3233', '8f256c00cf56f71713c79af187171b35', 1, 10, 213, 3, 4, 'Ishtiaque', '', 'Syed', 'Ishtiaque  Syed', 'imsyed@du.ac.bd', NULL, 0, 'M', NULL, 1, 140, '2015-11-01 04:37:50', 472, '2015-11-01 04:40:47'),
(473, 'nilufar_3257', '25d55ad283aa400af464c76d713c07ad', 1, 10, 278, 3, 4, 'Nilufar', '', 'Nahar', 'Nilufar  Nahar', 'nilufarnahar@yahoo.com', NULL, 0, 'F', NULL, 1, 1, '2015-11-01 04:39:04', NULL, '2015-11-01 04:39:04'),
(474, 'cp3232', '25d55ad283aa400af464c76d713c07ad', 1, 10, 212, 3, 4, 'Rafiqul', '', 'Islam', 'Rafiqul  Islam', 'professorrafiqulislam@yahoo.co.uk', NULL, 0, 'M', NULL, 1, 1, '2015-11-01 04:40:39', NULL, '2015-11-01 04:40:39'),
(475, 'mollah_3238', '25d55ad283aa400af464c76d713c07ad', 1, 10, 215, 3, 4, 'Abdur', 'Rob', 'Mollah', 'Abdur Rob Mollah', 'armolladu@gmail.com', NULL, 0, 'M', NULL, 0, 140, '2015-11-01 04:40:47', NULL, '2015-11-01 04:40:47'),
(476, 'cp3236', '25d55ad283aa400af464c76d713c07ad', 1, 10, 214, 3, 4, 'Muhammad', '', 'Shuaib', 'Muhammad  Shuaib', 'shuaib@isrt.ac.bd', NULL, 0, 'M', NULL, 1, 1, '2015-11-01 04:42:09', NULL, '2015-11-01 04:42:09'),
(477, 'kamrulhassan_3256', 'd24c1d8631144343c1d173c1ebd193f8', 1, 10, 277, 3, 4, 'S M Kamrul', '', 'Hassan', 'S M Kamrul  Hassan', 'kamrul.dsm@du.ac.bd', NULL, 0, 'M', '2015_11_01_f9148ba.jpg', 1, 140, '2015-11-01 04:44:01', 477, '2015-11-01 04:55:09'),
(478, 'cp3240', '25d55ad283aa400af464c76d713c07ad', 1, 10, 273, 3, 4, ' Saifur', 'md', 'rashid', ' Saifur md rashid', 'saifur_rashid66@hotmail.com', NULL, 0, 'M', NULL, 1, 1, '2015-11-01 04:44:47', 1, '2015-11-01 04:44:47'),
(479, 'haseena_3250', 'e9e930c9bab22de06b2f506be2c0e2e6', 1, 10, 276, 3, 4, 'Haseena', '', 'Khan', 'Haseena  Khan', 'haseena@du.ac.bd', NULL, 0, 'F', NULL, 1, 140, '2015-11-01 04:49:43', 479, '2015-11-01 04:49:43'),
(480, 'bhuiyan-3272', '25d55ad283aa400af464c76d713c07ad', 1, 10, 334, 3, 4, 'Abu', '', 'Bhuiyan', 'Abu  Bhuiyan', 'abhuiyan@du.ac.bd', NULL, 0, 'M', NULL, 1, 1, '2015-11-01 05:41:55', NULL, '2015-11-01 05:41:55'),
(481, 'cp3416', '25d55ad283aa400af464c76d713c07ad', 1, 16, 361, 3, 4, 'Sufi', 'Mostafizur', 'Rahman', 'Sufi Mostafizur Rahman', 'mrahmanl@yahoo.com', NULL, 0, 'M', NULL, 1, 140, '2015-11-18 04:54:34', NULL, NULL),
(482, 'cp3418', '25d55ad283aa400af464c76d713c07ad', 1, 16, 362, 3, 4, 'Mohammad', 'Kamrul', 'Ahsan', 'Mohammad Kamrul Ahsan', 'kamrul1353@gmail.com', NULL, 0, 'M', NULL, 1, 140, '2015-11-18 05:03:31', NULL, NULL),
(483, 'cp3299', '1bb3627c66e6bafd11b1eceac4b2d67e', 1, 63, 262, 3, 4, 'Hasin', 'Anupama', 'Azhari', 'Hasin Anupama Azhari', 'ahasinanupama@gmail.com', NULL, 0, 'F', NULL, 1, 140, '2015-11-18 05:06:35', 1, NULL),
(484, 'cp3438', '25d55ad283aa400af464c76d713c07ad', 1, 16, 338, 3, 4, 'Md. ', 'Abul', 'Hashem', 'Md.  Abul Hashem', 'mdabulhashem@yahoo.com', NULL, 0, 'M', NULL, 1, 140, '2015-11-18 05:10:36', 1, NULL),
(485, 'cp3424', '25d55ad283aa400af464c76d713c07ad', 1, 16, 364, 3, 4, 'Abdul', 'Jabber', 'Howlader', 'Abdul Jabber Howlader', 'jabberjuniv@gmail.com', NULL, 0, 'M', NULL, 1, 140, '2015-11-18 05:16:04', NULL, NULL),
(486, 'cp3415', '25d55ad283aa400af464c76d713c07ad', 1, 16, 360, 3, 4, 'Tahmina', '', 'Ferdous', 'Tahmina  Ferdous', 'tahminaphysics@yahoo.com', NULL, 0, 'F', NULL, 1, 140, '2015-11-18 05:19:03', NULL, NULL),
(487, 'b011', '25d55ad283aa400af464c76d713c07ad', 1, 63, 405, 3, 4, 'Mostafizur', '', 'Rahman', 'Mostafizur  Rahman', 'mostafiz_tm@yahoo.ca', NULL, 0, 'M', NULL, 1, 140, '2015-11-18 05:21:31', 1, NULL),
(488, 'cp3419', '529567963ecd8770d711ed39d2b2a191', 1, 16, 363, 3, 4, 'Swadhin', '', 'Sen', 'Swadhin  Sen', 'swadhin.sen@gmail.com', NULL, 0, 'M', NULL, 1, 140, '2015-11-18 05:23:35', 488, NULL),
(489, 'cp3676', '25d55ad283aa400af464c76d713c07ad', 1, 25, 339, 3, 4, 'Md.', 'Zakir', 'Hossain', 'Md. Zakir Hossain', 'mzhossain.bds@gmail.com', NULL, 0, 'M', NULL, 1, 140, '2015-11-19 05:06:28', NULL, NULL),
(490, 'cp3665', '25d55ad283aa400af464c76d713c07ad', 1, 25, 231, 3, 4, 'Md.', 'Mizanur', 'Rahman', 'Md. Mizanur Rahman', 'mizan_sust@yahoo.com', NULL, 0, 'M', NULL, 1, 140, '2015-11-19 05:14:33', NULL, NULL),
(491, 'cp3667', '25d55ad283aa400af464c76d713c07ad', 1, 25, 232, 3, 4, 'Md.', 'Nazrul', 'Islam', 'Md. Nazrul Islam', 'dnislam69@yahoo.com', NULL, 0, 'M', NULL, 1, 140, '2015-11-19 05:17:46', NULL, NULL),
(492, 'cp3621', '25d55ad283aa400af464c76d713c07ad', 1, 34, 255, 3, 4, 'Md.', 'Shah Jahan', 'Mazumder', 'Md. Shah Jahan Mazumder', 'mazumdersau@gmail.com', NULL, 0, 'M', NULL, 1, 140, '2015-11-19 05:20:37', NULL, NULL),
(493, 'cp3626', '25d55ad283aa400af464c76d713c07ad', 1, 34, 256, 3, 4, 'AFM', 'Saiful', 'Islam', 'AFM Saiful Islam', 'afmsislam@gmail.com', NULL, 0, 'M', NULL, 1, 140, '2015-11-19 05:23:15', NULL, NULL),
(494, 'cp3634', '25d55ad283aa400af464c76d713c07ad', 1, 34, 348, 3, 4, 'Mrityunjoy', '', 'Biswas', 'Mrityunjoy  Biswas', 'biswasbari@yahoo.com', NULL, 0, 'M', NULL, 1, 140, '2015-11-19 05:34:28', 494, NULL),
(495, 'a008', '25d55ad283aa400af464c76d713c07ad', 1, 25, 387, 3, 4, 'Dr. Abdul', 'Awwal', 'Biswas', 'Dr. Abdul Awwal Biswas', 'awwal_biswas@yahoo.com', NULL, 0, 'M', NULL, 1, 140, '2015-11-19 06:27:30', 1, NULL),
(496, 'cp3100', '5349caf6da7226f36f6fab3cefe50300', 1, 4, 221, 3, 4, 'Dr.', 'Ijaz', 'Hossain', 'Dr. Ijaz  Hossain', 'ijaz@che.buet.ac.bd', NULL, 0, 'M', NULL, 1, 140, '2015-11-21 04:49:26', 496, NULL),
(497, 'cp3117', '25d55ad283aa400af464c76d713c07ad', 1, 4, 294, 3, 4, 'Dr. H. M.', 'Mamun Al', 'Rashed', 'Dr. H.M.   Mamun Al Rashed', 'hrashed@mme.buet.ac.bd', NULL, 0, 'M', NULL, 1, 140, '2015-11-21 04:53:23', 497, NULL),
(498, 'cp3070', '25d55ad283aa400af464c76d713c07ad', 1, 3, 235, 3, 4, 'Prof. Dr. A.H.M.', 'Towhidul', 'Alam', 'Prof. Dr. A.H.M. Towhidul Alam', 'laptrainingbsmmu@gmail.com', NULL, 0, 'M', NULL, 1, 140, '2015-11-21 04:59:27', NULL, NULL),
(499, 'cp3131', '5e8667a439c68f5145dd2fcbecf02209', 1, 4, 295, 3, 4, 'Dr. Md. ', 'Shahidul', 'Islam', 'Dr. Md.  Shahidul Islam', 'shahid777@name.buet.ac.bd', NULL, 0, 'M', NULL, 1, 140, '2015-11-21 05:03:11', 499, NULL),
(500, 'cp3380', '25d55ad283aa400af464c76d713c07ad', 1, 13, 243, 3, 4, 'Dr. Abul Kalam', 'Md. Lutfor', 'Rahman', 'Dr. Abul Kalam Md. Lutfor Rahman', 'lrahman1973@gmail.com', NULL, 0, 'M', NULL, 1, 140, '2015-11-21 05:13:18', 1, NULL),
(501, 'cp3379', '25d55ad283aa400af464c76d713c07ad', 1, 13, 353, 3, 4, 'Dr. Hasna Hena', '', 'Begum', 'Dr. Hasna Hena  Begum', 'adam_du04@yahoo.com', NULL, 0, 'F', NULL, 1, 140, '2015-11-21 05:17:42', 1, NULL),
(502, 'ashikur', '0a3c1554dd7062b5d3d4e04b5f188475', 1, 4, 297, 3, 4, 'Prof. Dr. A.K.M.', 'Ashikur', 'Rahman', 'Prof. Dr. Ashikur  Rahman', 'ashikur@cse.buet.ac.bd', NULL, 0, 'M', NULL, 1, 140, '2015-11-21 05:30:41', 502, NULL),
(503, 'cp3111', '25d55ad283aa400af464c76d713c07ad', 1, 4, 293, 3, 4, 'Dr.', 'Mohammad', 'Ali', 'Dr. Mohammad Ali', 'mali@me.buet.ac.bd', NULL, 0, 'M', NULL, 1, 140, '2015-11-21 05:33:51', 1, NULL),
(504, 'cp3103', '25d55ad283aa400af464c76d713c07ad', 1, 4, 222, 3, 4, 'Dr. Md. Ziaur', '', 'Rahman Khan', 'Dr. Md. Ziaur  Rahman Khan', 'zrkhan@eee.buet.ac.bd', NULL, 0, 'M', NULL, 1, 140, '2015-11-21 05:41:43', 1, NULL),
(505, 'cp3381', '25d55ad283aa400af464c76d713c07ad', 1, 13, 244, 3, 4, 'Md. Jakir', 'Hasan', 'Talukder', 'Md. Jakir Hasan Talukder', 'saulab2002@yahoo.com', NULL, 0, 'M', NULL, 1, 140, '2015-11-21 05:51:42', 1, NULL),
(506, 'cp3817', '25d55ad283aa400af464c76d713c07ad', 1, 4, 422, 3, 4, 'Dr. A.B.M. Harun Ur ', '', 'Rashid', 'Dr. A.B.M. Harun Ur   Rashid', 'abmhrashid@eee.buet.ac.bd', NULL, 0, 'M', NULL, 1, 140, '2015-11-21 06:12:18', 1, NULL),
(507, 'cp3140', '88ac01dbcf532bb7cb61366dd7209463', 1, 4, 223, 3, 4, 'Tahmeed', 'M.', 'Al-Hussini', 'Tahmeed M. Al-Hussini', 'htahmeed@yahoo.com', NULL, 0, 'M', NULL, 1, 140, '2015-11-21 06:17:40', 507, NULL),
(508, 'cp3132', '25d55ad283aa400af464c76d713c07ad', 1, 4, 296, 3, 4, 'Dr. Mehedi', 'Ahmed', 'Ansary', 'Dr. Mehedi Ahmed Ansary', 'ansary@ce.buet.ac.bd', NULL, 0, 'M', NULL, 1, 140, '2015-11-21 06:21:07', NULL, NULL),
(509, 'qapa014', '25d55ad283aa400af464c76d713c07ad', 1, 3, 393, 3, 4, 'Prof. Md. ', '', 'Shafiqul', 'Prof. Md.   Shafiqul', 'profshafiqul@yahoo.com', NULL, 0, 'M', NULL, 1, 140, '2015-11-21 06:26:49', NULL, NULL),
(510, 'a004', '25d55ad283aa400af464c76d713c07ad', 1, 4, 384, 3, 4, 'Prof. Dr. M Rafiqul', '', 'Islam', 'Prof. Dr. M Rafiqul  Islam', 'rafiqis@gmail.com', NULL, 0, 'M', NULL, 1, 140, '2015-11-21 06:29:17', NULL, NULL),
(511, 'a010', '25d55ad283aa400af464c76d713c07ad', 1, 13, 389, 3, 4, 'Prof. Dr. Md. Kamrul', 'Alam', 'Khan', 'Prof. Dr. Md. Kamrul Alam Khan', 'kakhan01@yahoo.com', NULL, 0, 'M', NULL, 1, 140, '2015-11-21 06:33:14', NULL, NULL),
(512, 'cp3447', '25d55ad283aa400af464c76d713c07ad', 1, 17, 303, 3, 4, 'Md. Rejaul', '', 'Islam', 'Md. Rejaul  Islam', 'reja_bd@yahoo.com', NULL, 0, 'M', NULL, 1, 140, '2015-11-22 04:46:06', NULL, NULL),
(513, 'cp3400', '25d55ad283aa400af464c76d713c07ad', 1, 15, 355, 3, 4, 'Selina', '', 'Akter', 'Selina  Akter', 'selinamicrobiol@yahoo.com', NULL, 0, 'F', NULL, 1, 140, '2015-11-22 04:49:49', 140, NULL),
(514, 'cp3446', 'a378c9050a5ec82931672e172f73b277', 1, 17, 234, 3, 4, 'Anirban', '', 'Mostafa', 'Anirban  Mostafa', 'anirbanmostafa@yahoo.com', NULL, 0, 'M', NULL, 1, 1, '2015-11-22 04:50:55', 514, NULL),
(515, 'a009', '41969d28cc60348e90ad9e60af0fd7db', 1, 17, 388, 3, 4, 'Md.', 'Rezaul', 'Karim', 'Rezaul  Karim', 'rkarim1960@yahoo.com', NULL, 0, 'M', NULL, 1, 140, '2015-11-22 04:53:16', 515, NULL),
(516, 'cp3401', '25d55ad283aa400af464c76d713c07ad', 1, 15, 356, 3, 4, 'Md. Minhaj uddin', '', 'Monir', 'Md. Minhaj uddin  Monir', 'monir_pme@yahoo.com', NULL, 0, 'M', NULL, 1, 140, '2015-11-22 04:57:07', NULL, NULL),
(517, 'cp3443', '25d55ad283aa400af464c76d713c07ad', 1, 17, 233, 3, 4, 'S.M Mahmubur', '', 'Rahman', 'S.M Mahmubur  Rahman', 'manmr2003@yahoo.com', NULL, 0, 'M', NULL, 1, 1, '2015-11-22 05:00:42', NULL, NULL),
(518, 'cp3398', '25d55ad283aa400af464c76d713c07ad', 1, 15, 354, 3, 4, 'Dr. Md. Nasim', '', 'Reza', 'Dr. Md. Nasim  Reza', 'nasimkhokon@yahoo.com', NULL, 0, 'M', NULL, 1, 140, '2015-11-22 05:01:07', NULL, NULL),
(519, 'cp3459', '25d55ad283aa400af464c76d713c07ad', 1, 17, 340, 3, 4, 'Prof. Dr. Kazi', 'Shah Nawaz', 'Ripon', 'Prof. Dr. Kazi Shah Nawaz Ripon', 'ksripon@ieee.org', NULL, 0, 'M', NULL, 1, 1, '2015-11-22 05:03:23', NULL, NULL),
(520, 'cp3403', '25d55ad283aa400af464c76d713c07ad', 1, 15, 357, 3, 4, 'Dr. Md. Mashiar', '', 'Rahman', 'Dr. Md. Mashiar  Rahman', 'mm.rahman@just.edu.bd', NULL, 0, 'M', NULL, 1, 140, '2015-11-22 05:04:48', NULL, NULL),
(521, 'cp3472', '444449e7eabb8b2febd2fc32af4b2e31', 1, 18, 315, 3, 4, 'Prof. Dr. Mohiuddin', '', 'Ahmad', 'Prof. Dr. Mohiuddin  Ahmad', 'mohiuddin.ahmad@gmail.com', NULL, 0, 'M', NULL, 1, 1, '2015-11-22 05:05:38', 521, NULL),
(522, 'cp3470', '25d55ad283aa400af464c76d713c07ad', 1, 18, 314, 3, 4, 'Dr. Pallab ', '', 'Choudhury', 'Dr. Pallab   Choudhury', 'pallab_eee@yahoo.com', NULL, 0, 'M', NULL, 1, 1, '2015-11-22 05:07:14', NULL, NULL),
(523, 'cp3465', '25d55ad283aa400af464c76d713c07ad', 1, 18, 208, 3, 4, 'SK. Shariful', '', 'Alam', 'SK. Shariful  Alam', 'ssa1996@gmail.com', NULL, 0, 'M', NULL, 1, 140, '2015-11-22 05:08:18', NULL, NULL),
(524, 'cp3466', '25d55ad283aa400af464c76d713c07ad', 1, 18, 209, 3, 4, 'Dr Mihir ', 'Ranjan', 'Halder', 'Dr Mihir  Ranjan Halder', 'drmrhalder@yahoo.com', NULL, 0, 'M', NULL, 1, 1, '2015-11-22 05:45:01', NULL, NULL),
(525, 'cp3817_oa', '5e8667a439c68f5145dd2fcbecf02209', 1, 4, 422, 3, 4, 'Afzal', '', 'Hossain', 'Afzal  Hossain', 'afzal.hossain332@gmail.com', NULL, 0, 'M', NULL, 0, 140, '2015-11-22 07:05:03', 1, NULL),
(526, 'cp3609', 'dd099f9b1b25a3b05c091ad2cb79d148', 1, 23, 241, 3, 4, 'Md. Emdadul', '', 'Hoque', 'Md. Emdadul  Hoque', 'emdad89@yahoo.com', NULL, 0, 'M', NULL, 1, 1, '2015-11-24 06:01:14', 526, NULL),
(527, 'cp3544', '9a3243ab61b093e6209a828120177048', 1, 22, 219, 3, 4, 'Dr.', 'M.Saidul', 'Islam', 'Dr. M.Saidul Islam', 'msislam29@yahoo.com', NULL, 0, 'M', NULL, 0, 1, '2015-11-24 06:03:26', 527, NULL),
(528, 'cp3337', '8a3bd6b3abd0cfe8437930f20db7468b', 1, 12, 229, 3, 4, 'Mohammad', 'Johurul', 'Islam', 'Mohammad Johurul Islam', 'johurul1974@yahoo.co.in', NULL, 0, 'M', NULL, 1, 140, '2015-11-24 06:05:02', 528, NULL),
(529, 'cp3617', '53cb1356c12ccb21ec6a4b2274b93e26', 1, 23, 313, 3, 4, 'Md. Wahedul', '', 'Islam', 'Md. Wahedul  Islam', 'wahedul@ruet.ac.bd', NULL, 0, 'M', NULL, 1, 1, '2015-11-24 06:07:14', 529, NULL),
(530, 'cp3338', '25d55ad283aa400af464c76d713c07ad', 1, 12, 230, 3, 4, 'Dr. Md. ', 'Abdus', 'Samad', 'Dr. Md.  Abdus Samad', 'md_abdussamad@yahoo.com', NULL, 0, 'M', NULL, 1, 1, '2015-11-24 06:07:19', 1, NULL),
(531, 'cp3334', '6185ef7f3fca57bf90a4d7e8792bda30', 1, 12, 228, 3, 4, 'Alamgir', 'Hossain', ' Bhuiya', 'Alamgir Hossain  Bhuiya', 'bhuiyaalamgir@gmail.com', NULL, 0, 'M', NULL, 1, 140, '2015-11-24 06:08:17', 531, NULL),
(532, 'cp3603', '25d55ad283aa400af464c76d713c07ad', 1, 22, 286, 3, 4, 'Md.', 'Nurul Haque', 'Mollah', 'Md. Nurul Haque Mollah', 'mollah.stat.bio@ru.ac.bd', NULL, 0, 'M', NULL, 1, 140, '2015-11-24 06:12:09', NULL, NULL),
(533, 'a002', 'b4d13e4495f0e0a6f293ed30e28f88be', 1, 22, 382, 3, 4, 'Professor Mushfique', '', 'Ahmed', 'Professor Mushfique  Ahmed', 'mushfique1957@gmail.com', NULL, 0, 'M', NULL, 1, 1, '2015-11-24 06:12:57', 533, NULL),
(534, 'cp3557', '7fec42fee55b754da6b00f134df4c022', 1, 22, 281, 3, 4, 'Fawzia', '', 'Flowra', 'Fawzia  Flowra', 'flowrabd@yahoo.com', NULL, 0, 'F', NULL, 1, 140, '2015-11-24 06:15:28', 534, NULL),
(535, 'cp3539', '8e2e70222999ca28e35b4710c3993893', 1, 22, 217, 3, 4, 'Goutam', '', 'Roy', 'Goutam  Roy', 'goutamroy@ru.ac.bd', NULL, 0, 'M', NULL, 1, 1, '2015-11-24 06:18:16', 1, NULL),
(536, 'cp3541', '5f453f5cd9f914dbf8675f0e71be42a7', 1, 22, 218, 3, 4, 'AKM', 'Mahmudul', 'Haque', 'AKM Mahmudul Haque', 'akmmahmudul@yahoo.com', NULL, 0, 'M', NULL, 1, 140, '2015-11-24 06:18:37', 536, NULL),
(537, 'cp3615', '8e9ad2f1d2ac7323b1d01e9c3e641038', 1, 23, 312, 3, 4, 'Mohammad Rofiqul', ' ', 'Islam', 'Mohammad  Islam', 'mrislam1987ruet@gmail.com', NULL, 0, 'M', NULL, 1, 140, '2015-11-24 06:20:36', 537, NULL),
(538, 'cp3565', 'bb5bb762de6f35062b04b9eacae5a14c', 1, 22, 284, 3, 4, 'MD', 'Nurul', 'Momen', 'MD Nurul Momen', 'nurulmomen78@gmail.com', NULL, 0, 'M', NULL, 1, 1, '2015-11-24 06:23:40', 1, NULL),
(539, 'cp3563', '25d55ad283aa400af464c76d713c07ad', 1, 22, 282, 3, 4, 'AHM', 'Mustafizur', 'Rahman', 'AHM Mustafizur Rahman', 'mustafiz.sociology@gmail.com', NULL, 0, 'M', NULL, 1, 140, '2015-11-24 06:26:12', NULL, NULL),
(540, 'a007', 'c8a6dc334a40807ca8a6d15657d088bc', 1, 12, 421, 3, 4, 'Harun', 'Rashid', 'Askari', 'Harun Rashid Askari', 'rashidaskari65@yahoo.com', NULL, 0, 'M', NULL, 1, 140, '2015-11-24 06:33:44', 540, NULL),
(541, 'cp3006', '25d55ad283aa400af464c76d713c07ad', 1, 1, 220, 3, 4, 'Mohammad', 'Burhan', 'Uddin', 'Mohammad Burhan Uddin', 'burhan992003@yahoo.com', NULL, 0, 'M', NULL, 1, 140, '2015-11-26 05:45:08', 1, NULL),
(542, 'cp3372', '520fcb0c49bbb105cfbced1c8948b780', 1, 14, 249, 3, 4, 'Liton', 'Kumar', 'Biswas', 'Liton Kumar Biswas', 'lbiswas1985@gmail.com', NULL, 0, 'M', NULL, 1, 1, '2015-11-26 05:46:21', 1, NULL),
(543, 'cp3011', '25d55ad283aa400af464c76d713c07ad', 1, 1, 287, 3, 4, 'Ismail', '', 'Hossain', 'Ismail  Hossain', 'dhossain69@gmail.com', NULL, 0, 'M', NULL, 1, 1, '2015-11-26 05:48:05', NULL, NULL),
(544, 'a003', '25d55ad283aa400af464c76d713c07ad', 1, 1, 383, 3, 4, 'Md.', 'Ali', 'Akbar', 'Md. Ali Akbar', 'directoriqacbau@gmail.com', NULL, 0, 'M', NULL, 1, 140, '2015-11-26 05:50:20', NULL, NULL),
(545, 'cp3050', '25d55ad283aa400af464c76d713c07ad', 1, 1, 290, 3, 4, 'Rafiqul', 'Islam', 'Sarder', 'Rafiqul Islam Sarder', 'rafiqulsarder@yahoo.com', NULL, 0, 'M', NULL, 1, 1, '2015-11-26 05:51:54', NULL, NULL),
(546, 'cp3370', '25d55ad283aa400af464c76d713c07ad', 1, 14, 248, 3, 4, 'Md. ', ' Shafiqul', 'Islam', 'Md.   Shafiqul Islam', 'shafiq.ru_iba@yaoo.com', NULL, 0, 'M', NULL, 1, 1, '2015-11-26 05:52:20', 1, NULL),
(547, 'cp3021', '25d55ad283aa400af464c76d713c07ad', 1, 1, 289, 3, 4, 'Md. ', '', 'Ashrafuzzaman', 'Md.   Ashrafuzzaman', 'spmheqep3021@gmail.com', NULL, 0, 'M', NULL, 1, 1, '2015-11-26 05:54:19', NULL, NULL),
(548, 'cp3056', '25d55ad283aa400af464c76d713c07ad', 1, 1, 292, 3, 4, 'Lutful', '', 'Hassan', 'Lutful  Hassan', 'lutfulhassan@yahoo.co.uk', NULL, 0, 'M', NULL, 1, 140, '2015-11-26 05:55:37', 1, NULL),
(549, 'cp3015', 'ee9b74fae470e0ede67bc4753dec03c4', 1, 1, 288, 3, 4, 'Nasrin', 'Sultana', 'Juyena', 'Nasrin Sultana Juyena', 'juyenahabib@gmail.com', NULL, 0, 'F', NULL, 1, 1, '2015-11-26 05:58:07', 549, NULL),
(550, 'cp3057', '1f7995e271bf03ed335d86b8f51c07ff', 1, 1, 337, 3, 4, 'Prof. Dr. ', 'Md. Mozahar', 'Ali', 'Md Mozahar Ali', 'mozahar55@yahoo.co.uk', NULL, 0, 'M', NULL, 1, 1, '2015-11-26 06:01:14', NULL, NULL),
(551, 'cp3373', '25d55ad283aa400af464c76d713c07ad', 1, 14, 346, 3, 4, 'Mahabub', '', 'Hossain', 'Mahabub  Hossain', 'mahbubborhan65@gmail.com', NULL, 0, 'M', NULL, 1, 140, '2015-11-26 06:04:03', 1, NULL),
(552, 'cp3805', '25d55ad283aa400af464c76d713c07ad', 1, 1, 420, 3, 4, 'M', 'Mazibur', 'Rahman', 'M Mazibur Rahman', 'drmazibur@yahoo.com', NULL, 0, 'M', NULL, 1, 140, '2015-11-26 06:13:21', 1, NULL),
(553, 'cp2042', '25d55ad283aa400af464c76d713c07ad', 1, 1, 99, 3, 4, 'Md.', 'Humaun', 'Kabir', 'Md. Humaun Kabir', 'humaun.pab@gmail.com', NULL, 0, 'M', NULL, 1, 1, '2015-11-26 06:18:37', 1, NULL),
(554, 'cp3368', '25d55ad283aa400af464c76d713c07ad', 1, 14, 247, 3, 4, 'Tapon', 'Kumar', 'Sarker', 'Tapon Kumar Sarker', 'sk_sarker@yahoo.com', NULL, 0, 'M', NULL, 1, 140, '2015-11-26 08:54:55', NULL, NULL),
(555, 'b001', '25d55ad283aa400af464c76d713c07ad', 1, 27, 395, 3, 4, 'Md. Mizanur', '', 'Rahman', 'Md. Mizanur  Rahman', 'mizanur@hstu.ac.bd', NULL, 0, 'M', NULL, 1, 1, '2015-11-28 05:00:35', 1, NULL),
(556, 'cp3319', '7242979bae84b3bb0af171de738d91fe', 1, 27, 325, 3, 4, 'Uttam', 'Kumar', 'Majumder', 'Uttam Kumar Majumder', 'majumderuk@yahoo.com', NULL, 0, 'M', NULL, 1, 1, '2015-11-28 05:08:05', 556, NULL),
(557, 'cp3305', '25d55ad283aa400af464c76d713c07ad', 1, 27, 254, 3, 4, 'Dr. Md. Earfan', 'Ali', 'Khondaker', 'Dr. Md. Earfan Ali Khondaker', 'khondaker_dgvc@yahoo.com', NULL, 0, 'M', NULL, 1, 140, '2015-11-28 05:19:29', 1, NULL),
(558, 'cp3065', '737cf036ece8d44b2b5eb8394d9ec2a7', 1, 2, 252, 3, 4, 'Ali', 'Rayhun', 'Sarkar', 'Ali Rayhun Sarkar', 'shafiqibs@yahoo.com', NULL, 0, 'M', NULL, 1, 1, '2015-11-28 05:28:46', 558, NULL),
(559, 'cp3314', '25d55ad283aa400af464c76d713c07ad', 1, 27, 324, 3, 4, 'Md.', 'Abdul', 'Hamid', 'Md. Abdul Hamid', 'hamid_hstu@yahoo.com', NULL, 0, 'M', NULL, 1, 1, '2015-11-28 05:43:36', NULL, NULL),
(560, 'cp3068', '4fae7ef2905a77863165a86ad037f162', 1, 2, 291, 3, 4, 'Appel', '', 'Mahmud', 'Appel  Mahmud', 'mahmudappel@yahoo.com', NULL, 0, 'M', NULL, 1, 140, '2015-11-28 05:56:30', 560, NULL),
(561, 'cp3487', '25d55ad283aa400af464c76d713c07ad', 1, 19, 236, 3, 4, 'Dr. Lutfunnesa', 'Bari', 'Bari', 'Dr. Lutfunnesa Bari Bari', 'mslbari@hotmail.com', NULL, 0, 'F', NULL, 1, 140, '2015-12-17 11:47:18', 1, NULL),
(562, 'cp3488', '25d55ad283aa400af464c76d713c07ad', 1, 19, 237, 3, 4, 'Mohammad', 'Ashraful', 'Alam', 'Mohammad Ashraful Alam', 'maalam.cps@gmail.com', NULL, 0, 'M', NULL, 1, 140, '2015-12-17 11:50:34', NULL, NULL),
(563, 'b006', 'b106e0ab9cc44ceb8a2bf4308354c523', 1, 11, 400, 3, 4, 'Md. Nazrul', '', 'Islam', 'Md. Nazrul  Islam', 'nazrul2100@yahoo.com', NULL, 0, 'M', NULL, 1, 140, '2015-12-17 11:52:48', 563, NULL),
(564, 'cp3492', '95667293aa459738ce8e591bee3c19a8', 1, 19, 238, 3, 4, 'Dr. K.M. Kaderi', '', 'Kibria', 'Dr. K.M. Kaderi  Kibria', 'km_kibria@yahoo.com', NULL, 0, 'M', NULL, 1, 140, '2015-12-17 11:55:08', 564, NULL),
(565, 'cp3077', '25d55ad283aa400af464c76d713c07ad', 1, 26, 321, 3, 4, 'Dr. Md. Amdadul', '', 'Haque', 'Dr. Md. Amdadul  Haque', 'mahaque@bsmrau.edu.bd', NULL, 0, 'M', NULL, 1, 140, '2015-12-17 11:59:32', NULL, NULL),
(566, 'cp3087', '25d55ad283aa400af464c76d713c07ad', 1, 26, 347, 3, 4, 'Dr. M.A. Khaleque', '', 'Mian', 'Dr. M.A. Khaleque  Mian', 'makmian@bsmrau.edu.bd', NULL, 0, 'M', NULL, 1, 140, '2015-12-17 12:02:39', NULL, NULL),
(567, 'cp3075', '25d55ad283aa400af464c76d713c07ad', 1, 26, 253, 3, 4, 'M Abdul', '', 'Karim', 'M Abdul  Karim', 'akarim1506@yahoo.com', NULL, 0, 'M', NULL, 1, 140, '2015-12-17 12:05:51', NULL, NULL),
(568, 'cp3084', '25d55ad283aa400af464c76d713c07ad', 1, 26, 323, 3, 4, ' Dr. Md. Abdul', 'Baset', 'Mia', 'Md. Abdul Baset Mia', 'miabaset@yahoo.com', NULL, 0, 'M', NULL, 1, 140, '2015-12-17 12:07:51', 568, NULL),
(569, 'cp3080', 'a523df1dc155dca639c26e27237263fc', 1, 26, 322, 3, 4, 'Md. Amzad', '', 'Hossain', 'Md. Amzad  Hossain', 'amzad@bsmrau.edu.bd', NULL, 0, 'M', NULL, 1, 140, '2015-12-17 12:10:31', 569, NULL),
(570, 'cp3576', '25d55ad283aa400af464c76d713c07ad', 1, 22, 285, 3, 4, 'Prof. Dr. Nazrul', '', 'Islam', 'Prof. Dr. Nazrul  Islam', 'm_n_islam2k2@yahoo.com', NULL, 0, 'M', NULL, 1, 1, '2015-12-30 13:39:33', NULL, NULL),
(571, 'cp3605', '25d55ad283aa400af464c76d713c07ad', 1, 22, 335, 3, 4, 'Dr. Md', 'Abul Kalam', 'Azad', 'Dr. Md Abul Kalam Azad', 'akazad_ies@yahoo.com', NULL, 0, 'M', NULL, 1, 1, '2015-12-31 11:52:54', NULL, NULL),
(572, 'b014', '25d55ad283aa400af464c76d713c07ad', 1, 58, 408, 3, 4, 'Muhammad', 'Mahboob', 'Ali', 'Muhammad Mahboob Ali', 'mahboob@diu.edu.bd', NULL, 0, 'M', NULL, 1, 140, '2016-01-06 04:35:16', NULL, NULL),
(573, 'b017', '335c1b4fb898146e4c23ce457b4efce4', 1, 85, 411, 3, 4, 'Debi', 'Narayan Rudra', 'Paul', 'Debi Narayan Rudra Paul', 'dnrpaul@uttrauniversity.edu.bd', NULL, 0, 'M', NULL, 1, 140, '2016-01-06 04:40:40', 1, NULL),
(574, 'a013', '25d55ad283aa400af464c76d713c07ad', 1, 87, 392, 3, 4, 'AKM Ziaul', '', 'Islam', 'AKM Ziaul  Islam', 'arif@wub.edu.bd', NULL, 0, 'M', NULL, 1, 140, '2016-01-06 04:44:26', 1, NULL),
(575, 'b013', '308163092187715964aa7d8728cac9ca', 1, 24, 407, 3, 4, 'Prof. Dr. Md. Abdul', '', 'Hakim', 'Prof. Dr. Md. Abdul  Hakim', 'mahakim.uoda@gmail.com', NULL, 0, 'M', NULL, 1, 140, '2016-01-06 04:48:31', 575, NULL),
(576, 'b012', '5e8667a439c68f5145dd2fcbecf02209', 1, 60, 406, 3, 4, 'Serajul', '', 'Prodhan', 'Serajul  Prodhan', 'prodhan_serajul@yahoo.com', NULL, 0, 'F', NULL, 1, 140, '2016-01-06 04:51:49', 576, NULL),
(577, 'b018', 'f47b8caec45332c5f9b27cb60b2bf64c', 1, 82, 412, 3, 4, 'Khawza', 'Iftekhar Uddin', 'Ahmed', 'Khawza  Ahmed', 'khawza@eee.uiu.ac.bd', NULL, 0, 'M', NULL, 1, 140, '2016-01-06 04:56:52', 577, NULL),
(578, 'b015', '25d55ad283aa400af464c76d713c07ad', 1, 71, 409, 3, 4, 'Gauranga', '', 'Saha', 'Gauranga  Saha', 'gaurangasaha290@gmail.com', NULL, 0, 'M', NULL, 1, 1, '2016-01-06 04:57:56', 1, NULL),
(579, 'a011', '5e8667a439c68f5145dd2fcbecf02209', 1, 47, 390, 3, 4, 'Abul', 'Bashar Md.', 'Rahmatullah', 'Abul Bashar Md. Rahmatullah', 'rahmatullah@aiub.edu', NULL, 0, 'M', NULL, 1, 1, '2016-01-06 05:07:30', 579, NULL),
(580, 'b010', '131e488e9e801258c6457edae3cdb5a9', 1, 48, 404, 3, 4, 'Muhammad', 'Jafar', 'Sadeq', 'Muhammad Jafar Sadeq', 'jafar@aub.edu.bd', NULL, 0, 'M', NULL, 1, 1, '2016-01-06 05:10:36', NULL, NULL),
(581, 'cp3150', '25d55ad283aa400af464c76d713c07ad', 1, 6, 245, 3, 4, 'Dr. Abu', '', 'Taher', 'Dr. Abu  Taher', 'taher2000bd@yahoo.com', NULL, 0, 'M', NULL, 1, 140, '2016-01-06 05:12:57', NULL, NULL),
(582, 'b016', '25d55ad283aa400af464c76d713c07ad', 1, 61, 410, 3, 4, 'Sharif', 'Nurul', 'Ahkam', 'Sharif Nurul Ahkam', 'sharifnahkam@easternuniversity.edu.bd', NULL, 0, 'M', NULL, 1, 140, '2016-01-06 05:17:33', 1, NULL),
(583, 'cp3151', '25d55ad283aa400af464c76d713c07ad', 1, 6, 246, 3, 4, 'Tareque', 'SM', 'Abedin', 'Tarequq  Abedin', 'smtareque@yahoo.com', NULL, 0, 'M', NULL, 1, 140, '2016-01-06 05:23:06', NULL, NULL),
(584, 'b009', '25d55ad283aa400af464c76d713c07ad', 1, 68, 403, 3, 4, 'KMN ', 'Sarwar', 'Iqbal', 'KMN  Sarwar Iqbal', 'kiqbal@iubat.edu', NULL, 0, 'M', NULL, 1, 140, '2016-01-06 05:29:23', 1, NULL),
(585, 'cp3526', 'd4fd5022d54f286e441b81fa22ee8daa', 1, 21, 341, 3, 4, 'A.S.M. Iqbal', '', 'Hossain', 'A.S.M. Iqbal  Hossain', 'iqbalpstu69@gmail.com', NULL, 0, 'M', NULL, 1, 140, '2016-01-07 04:42:34', 585, NULL);
INSERT INTO `sa_users` (`USER_ID`, `USERNAME`, `USERPW`, `ORG_ID`, `INSTITUTE_NO`, `SUB_PROJ_ID`, `USERGRP_ID`, `USERLVL_ID`, `FIRST_NAME`, `MIDDLE_NAME`, `LAST_NAME`, `FULL_NAME`, `EMAIL`, `USERIMG`, `IS_ADMIN`, `GENDER`, `PROFILE_PIC_NAME`, `STATUS`, `ENTERED_BY`, `ENTRY_TIMESTAMP`, `UPDATE_BY`, `UPDATED_TIMESTAMP`) VALUES
(586, 'cp3521', '25d55ad283aa400af464c76d713c07ad', 1, 21, 305, 3, 4, 'Fakhrul', '', 'Hasan', 'Fakhrul  Hasan', 'hasanpstu@yahoo.com', NULL, 0, 'M', NULL, 1, 140, '2016-01-07 04:45:15', NULL, NULL),
(587, 'cp3522', '25d55ad283aa400af464c76d713c07ad', 1, 21, 306, 3, 4, 'Abul', 'Kashem', 'Chowdhury', 'Abul Kashem Chowdhury', 'kashempstu@yahoo.com', NULL, 0, 'M', NULL, 1, 140, '2016-01-07 04:48:13', NULL, NULL),
(588, 'iqacpstu', 'ffed8508fd9d88f9e1401fe55ae67bc5', 1, 21, 396, 3, 4, 'Md.', 'Shahidul', 'Islam', 'Zehad  Pervez', 'shahidulplp@gmail.com', NULL, 0, 'M', NULL, 1, 140, '2016-01-07 04:51:07', 588, NULL),
(589, 'cp3512', '24f1446e76af23b7199faa344767698d', 1, 21, 239, 3, 4, 'Mohammad', 'Lalmoddin', 'Mollah', 'Mohammad Lalmoddin Mollah', 'dipupstu2012@gmail.com', NULL, 0, 'M', NULL, 1, 140, '2016-01-07 05:14:46', NULL, NULL),
(590, 'asif2', '25d55ad283aa400af464c76d713c07ad', 1, 46, 418, 3, 4, 'Asif', '', 'Khan', 'Asif  Khan', 'khaled@atilimited.net', NULL, 0, 'M', NULL, 1, 1, '2016-01-11 06:58:50', NULL, NULL),
(591, 'test', '25d55ad283aa400af464c76d713c07ad', 1, 7, 27, 3, 4, 'test', '', 'testing', 'test  testing', 'khaled@atilimited.net', NULL, 0, 'M', NULL, 1, 1, '2016-01-19 04:52:13', NULL, NULL),
(592, 'karimmamun', 'f32dd466d82eb4594a1687a6cb39198e', 1, 7, 29, 3, 4, 'Md. ', 'Abdul', 'Karim', 'Md.  Abdul Karim', 'karimmamun@gmail.com', NULL, 0, 'F', NULL, 1, 1, '2016-01-26 10:03:08', NULL, NULL),
(593, 'b007', '25d55ad283aa400af464c76d713c07ad', 1, 34, 401, 3, 4, 'Md. Nazrul', '', 'Islam', 'Md. Nazrul  Islam', 'mnislam58@yahoo.com', NULL, 0, 'M', NULL, 1, 140, '2016-01-28 07:27:01', NULL, NULL),
(594, 'cp3607', 'c71a4cf864763b2d9200dda99e19e1a8', 1, 22, 336, 3, 4, 'Prof. Dr. Shafiqunnabee Samadi', ' ', 'Samadi', 'Prof. Dr. Shafiqunnabee  Samadi', 'ad_rucl@ru.ac.bd', NULL, 0, 'M', NULL, 1, 1, '2016-01-31 08:32:43', 594, NULL),
(595, 'cp3607', '25d55ad283aa400af464c76d713c07ad', 1, 22, 336, 3, 4, 'Prof. Dr. Shafiqunnabee', '', 'Samadi', 'Prof. Dr. Shafiqunnabee  Samadi', 'ad_rucl@ru.ac.bd', NULL, 0, 'M', NULL, 1, 1, '2016-01-31 08:32:44', NULL, NULL),
(596, 'cp3143', '25d55ad283aa400af464c76d713c07ad', 1, 5, 419, 3, 4, 'Dr. M Tauhid-Ur', '', 'Rahman', 'Dr. M Tauhid-Ur  Rahman', 'tauhid_cee@yahoo.com', NULL, 0, 'M', NULL, 1, 1, '2016-02-02 03:57:13', 1, NULL),
(597, 'cp3143', '25f9e794323b453885f5181f1b624d0b', 1, 5, 419, 3, 4, 'Dr. M Tauhid-Ur', '', 'Rahman', 'Dr. M Tauhid-Ur  Rahman', 'tauhid_cee@yahoo.com', NULL, 0, 'M', NULL, 0, 1, '2016-02-02 03:58:18', 1, NULL),
(598, 'cp3564', '25d55ad283aa400af464c76d713c07ad', 1, 22, 283, 3, 4, 'Dr. Md. Mostafa', '', 'Kamal', 'Dr. Md. Mostafa  Kamal', 'kamal@ru.ac.bd', NULL, 0, 'M', NULL, 1, 1, '2016-02-02 04:14:02', NULL, NULL),
(599, 'cp3144', '25d55ad283aa400af464c76d713c07ad', 1, 5, 272, 3, 4, 'Yasmin', '', 'Ara', 'Yasmin  Ara', 'shaba.yasmin6@gmail.com', NULL, 0, 'F', NULL, 1, 1, '2016-02-02 04:21:01', 1, NULL),
(600, 'cp3413', '25d55ad283aa400af464c76d713c07ad', 1, 16, 359, 3, 4, 'Prof. Dr. Ali', 'Azam', 'Talukder', 'Prof. Dr. Ali Azam Talukder', 'tunubj@yahoo.com', NULL, 0, 'M', NULL, 1, 1, '2016-02-02 04:53:54', NULL, NULL),
(601, 'cp3258', '25d55ad283aa400af464c76d713c07ad', 1, 10, 279, 3, 4, 'Prof. Dr. Md. Abdur', '', 'Rashid', 'Prof. Dr. Md. Abdur  Rashid', 'rashidma@du.ac.bd', NULL, 0, 'M', NULL, 1, 1, '2016-02-03 08:08:58', NULL, NULL),
(602, 'cp3258', '25d55ad283aa400af464c76d713c07ad', 1, 10, 279, 3, 4, 'Prof. Dr. Md. Abdur', '', 'Rashid', 'Prof. Dr. Md. Abdur  Rashid', 'rashidma@du.ac.bd', NULL, 0, 'M', NULL, 1, 1, '2016-02-03 08:09:00', NULL, NULL),
(603, 'a015', '25d55ad283aa400af464c76d713c07ad', 1, 55, 394, 3, 4, 'Prof. Md. Tafazzal', '', 'Hussain', 'Prof. Md. Tafazzal  Hussain', 'tafazzal@bracu.ac.bd', NULL, 0, 'M', NULL, 1, 1, '2016-02-03 08:26:14', 1, NULL),
(604, 'a015', '25d55ad283aa400af464c76d713c07ad', 1, 55, 394, 3, 4, 'Prof. Md. Tafazzal', '', 'hossain', 'Prof. Md. Tafazzal  hossain', 'tafazzal@bracu.ac.bd', NULL, 0, 'M', NULL, 0, 1, '2016-02-03 08:26:15', NULL, NULL),
(605, 'cp3245', '27c814edb1172db99fecc88deb8602bc', 1, 10, 275, 3, 4, 'Abu Shara', 'Shamsur', 'Rouf', 'Abu Shara Shamsur Rouf', 'rouf321@yahoo.com', NULL, 0, 'M', NULL, 1, 1, '2016-02-16 05:32:25', 605, NULL),
(606, 'cp3404', '25d55ad283aa400af464c76d713c07ad', 1, 16, 358, 3, 4, 'Dr. Mostafa', 'Nazmul', 'Mansur', 'Dr. Mostafa Nazmul Mansur', 'mansurju@yahoo.com', NULL, 0, 'M', NULL, 1, 1, '2016-02-16 10:44:08', NULL, NULL),
(607, 'cp3073', '25d55ad283aa400af464c76d713c07ad', 1, 3, 304, 3, 4, 'SK Md', '', 'Khorshed', 'SK Md  Khorshed', 'alamsmk1@gmail.com', NULL, 0, 'M', NULL, 1, 1, '2016-02-17 08:05:31', NULL, NULL),
(608, 'cp-3817', '25d55ad283aa400af464c76d713c07ad', 1, 4, 422, 3, 4, 'A.B.M. Harun-ur', '', ' Rashid', 'A.B.M. Harun-ur   Rashid', 'abmhrashid@eee.buet.ac.bd', NULL, 0, 'M', NULL, 0, 1, '2016-03-24 10:34:44', NULL, NULL),
(609, 'gazi', 'e10adc3949ba59abbe56e057f20f883e', 1, 0, 0, 4, 7, 'Gazi ', 'Mohammad ', 'mohsin', 'Gazi  Mohammad  mohsin', 'gmmwz@yahoo.com', NULL, 0, 'F', NULL, 1, 1, '2016-04-03 08:30:14', NULL, NULL),
(610, 'a006', '25d55ad283aa400af464c76d713c07ad', 1, 16, 386, 3, 4, 'Ajit', 'Kumar', 'Majumder', 'Ajit Kumar Majumder', 'ajit@juniv.edu', NULL, 0, 'M', NULL, 1, 1, '2016-04-12 12:21:17', NULL, NULL),
(611, 'a001', '25d55ad283aa400af464c76d713c07ad', 1, 10, 381, 3, 4, 'Sheikh', 'Shamimul', 'Alam', 'Sheikh Shamimul Alam', 'ssalam81@yahoo.com', NULL, 0, 'M', NULL, 1, 1, '2016-04-12 12:25:16', NULL, NULL),
(612, 'b019', '25d55ad283aa400af464c76d713c07ad', 1, 83, 413, 3, 4, 'MAHBUBUL', '', 'HAQUE', 'MAHBUBUL  HAQUE', 'mahbubhasin@gmail.com', NULL, 0, 'M', NULL, 1, 1, '2016-05-08 10:25:07', 1, NULL),
(613, 'b005', '25d55ad283aa400af464c76d713c07ad', 1, 18, 399, 3, 4, 'Dr. Tarapada ', '', 'Bhowmick', 'Dr. Tarapada   Bhowmick', 'drtpb@me.kuet.ac.bd', NULL, 0, 'M', NULL, 1, 1, '2016-05-10 07:12:43', 1, NULL),
(614, 'cp3242', '25d55ad283aa400af464c76d713c07ad', 1, 10, 274, 3, 4, 'Shibli ', 'Rubayet Ul', 'Islam', 'Shibli  Rubayet Ul Islam', 'shibli@univdhaka.edu', NULL, 0, 'M', NULL, 1, 1, '2016-05-10 07:59:02', 1, NULL),
(615, 'cp3229', '25d55ad283aa400af464c76d713c07ad', 1, 10, 211, 3, 4, 'Iffat Ara ', 'Nasreen ', 'Majid', 'Iffat Ara  Nasreen  Majid', 'iffatanmajid@yahoo.com', NULL, 0, 'F', NULL, 1, 1, '2016-05-10 10:12:30', 1, NULL),
(616, 'cp3259', '25d55ad283aa400af464c76d713c07ad', 1, 10, 216, 3, 4, 'Md. Ziaur ', ' PhD', 'Rahman', 'Md. Ziaur   PhD Rahman', 'zia_soc71@du.ac.bd', NULL, 0, 'M', NULL, 1, 1, '2016-05-10 10:40:26', NULL, NULL),
(617, 'cp3842', '25d55ad283aa400af464c76d713c07ad', 1, 10, 424, 3, 4, 'MD.', 'ANWAR', 'HOSSAIN', 'MD. ANWAR HOSSAIN', 'hossaina@du.ac.bd', NULL, 0, 'M', NULL, 1, 1, '2016-05-12 10:54:47', 1, NULL),
(618, 'cp3823', '25d55ad283aa400af464c76d713c07ad', 1, 4, 423, 3, 4, 'MD.', 'FAKHRUL', 'ISLAM', 'MD. FAKHRUL ISLAM', 'fislam@gce.buet.ac.bd', NULL, 0, 'M', NULL, 1, 1, '2016-05-12 11:16:59', 1, NULL),
(619, 'cp4023', '25d55ad283aa400af464c76d713c07ad', 1, 7, 426, 3, 4, 'Prof. Dr. Shadat ', 'Mohammod ', 'Noman', 'Prof. Dr. Shadat  Mohammod  Noman', 'asmnoman@gmail.com', NULL, 0, 'M', NULL, 1, 1, '2016-05-25 06:36:59', NULL, NULL),
(620, 'cp4029', '5e8667a439c68f5145dd2fcbecf02209', 1, 10, 427, 3, 4, 'Prof. Dr. Sharif ', '', 'Akteruzzaman', 'Prof. Dr. Sharif   Akteruzzaman', 'sharif_akhteruzzaman@yahoo.com', NULL, 0, 'M', NULL, 1, 1, '2016-05-25 06:50:32', 620, NULL),
(621, 'cp4029', '25d55ad283aa400af464c76d713c07ad', 1, 10, 427, 3, 4, 'Prof. Dr. Sharif ', '', 'Akteruzzaman', 'Prof. Dr. Sharif   Akteruzzaman', 'sharif_akhteruzzaman@yahoo.com', NULL, 0, 'M', NULL, 1, 1, '2016-05-25 06:51:05', NULL, NULL),
(622, 'cp4035', '5e2368d4116f979510cb12468f4a3d73', 1, 17, 428, 3, 4, 'Pfor. Dr. Md. ', 'Iftekhar ', 'Shams', 'Pfor. Dr. Md.  Iftekhar  Shams', 'shams_rish@yahoo.com', NULL, 0, 'M', NULL, 1, 1, '2016-05-25 07:02:24', 622, NULL),
(623, 'cp4040', '25d55ad283aa400af464c76d713c07ad', 1, 22, 429, 3, 4, 'Prof. Dr. Mohammad', 'Taufiq ', 'Alam', 'Prof. Dr. M  Taufiq  Alam', 'talam@ru.ac.bd', NULL, 0, 'M', '2016_08_18_53085f1.jpg', 1, 1, '2016-05-25 07:04:39', NULL, NULL),
(624, 'cp4044', '25d55ad283aa400af464c76d713c07ad', 1, 25, 430, 3, 4, 'Prof. Dr. ', ' Yasmeen', 'Haque', 'Prof. Dr.   Yasmeen Haque', 'yasmeen@sust.edu', NULL, 0, 'F', NULL, 1, 1, '2016-05-25 07:06:43', 1, NULL),
(625, 'cp 2304', '25d55ad283aa400af464c76d713c07ad', 1, 15, 0, 3, 4, 'MD.', 'ANISUR', 'RAHMAN', 'MD. ANISUR RAHMAN', 'anis_1963@yahoo.com', NULL, 0, 'M', NULL, 1, 1, '2016-07-20 08:22:45', NULL, NULL),
(626, 'c006', '1e7fbad74aa022d9f758f7779b023423', 1, 14, 431, 3, 4, 'Professor Dr. ', 'Rashidun ', 'Nabi ', 'Professor Dr.  Rashidun  Nabi ', 'rnabimusic@gmail.com', NULL, 0, 'M', NULL, 1, 1, '2016-07-23 04:43:49', 626, NULL),
(627, 'c001', '25d55ad283aa400af464c76d713c07ad', 1, 26, 432, 3, 4, 'Prof. Dr.', ' Khurshed Alam ', 'Bhuiyan', 'Prof. Dr.  Khurshed Alam  Bhuiyan', 'kabhuiyan55@yahoo.com', NULL, 0, 'M', NULL, 1, 1, '2016-07-25 10:29:28', NULL, NULL),
(628, 'c002', '90b5cebb76ae0383a39512685a3b1f8b', 1, 19, 433, 3, 4, 'Prof. Dr. Md.', ' Serajul ,', 'Islam', 'Prof. Dr. Md.  Serajul , Islam', 'islammstazu@yahoo.com', NULL, 0, 'M', NULL, 1, 1, '2016-07-25 10:32:05', 628, NULL),
(629, 'c003', '25d55ad283aa400af464c76d713c07ad', 1, 23, 434, 3, 4, 'Prof. Dr. Md. ', 'Mosharraf', ' Hossain', 'Prof. Dr. Md.  Mosharraf  Hossain', 'mosharraf80@yahoo.com', NULL, 0, 'M', NULL, 1, 1, '2016-07-25 10:34:54', NULL, NULL),
(630, 'c004', '25d55ad283aa400af464c76d713c07ad', 1, 20, 435, 3, 4, 'Mehedi', ' Mahmudul', ' Hasan', 'Dr.  Atiqul  Islam', 'mehedimahmudul@gmail.com', NULL, 0, 'M', NULL, 1, 1, '2016-07-25 10:37:26', NULL, NULL),
(631, 'c005', 'b568c1f35ca1602bcb2aa4fe3bbb3359', 1, 6, 436, 3, 4, 'Prof. Dr. ', 'Sayadur ', 'Rahman', 'Prof. Dr.  Sayadur  Rahman', 'sayadur@yahoo.com', NULL, 0, 'M', NULL, 1, 1, '2016-07-25 10:39:14', 631, NULL),
(632, 'c011', '25d55ad283aa400af464c76d713c07ad', 1, 9, 441, 3, 4, 'Dr. ', 'AKM ', 'Saifuddin', 'Dr.  AKM  Saifuddin', 'saifuddincvu@yahoo.com', NULL, 0, 'M', NULL, 1, 1, '2016-07-25 15:47:41', NULL, NULL),
(633, 'c007', '25d55ad283aa400af464c76d713c07ad', 1, 15, 437, 3, 4, 'Dr. Md. ', 'Ziaul ', 'Amin ', 'Dr. Md.  Ziaul  Amin ', 'aminziajstu@yahoo.com', NULL, 0, 'M', NULL, 1, 1, '2016-07-25 15:53:55', NULL, NULL),
(634, 'c008', 'f250374f07d5bf395351086335eaa140', 1, 2, 438, 3, 4, 'Dr. Md. ', 'Nazmul ', 'Haque', 'Dr. Md.  Nazmul  Haque', 'nazmul_brur@yahoo.com', NULL, 0, 'M', NULL, 1, 1, '2016-07-25 15:55:53', 634, NULL),
(635, 'c009', '25d55ad283aa400af464c76d713c07ad', 1, 35, 439, 3, 4, 'Dr. Mohammad ', 'Najmul ', 'Islam, ', 'Dr. Mohammad  Najmul  Islam, ', 'najmul_geo@yahoo.com', NULL, 0, 'M', NULL, 1, 1, '2016-07-25 16:21:15', NULL, NULL),
(636, 'c010', '25d55ad283aa400af464c76d713c07ad', 1, 32, 440, 3, 4, 'Dr. Mohammad ', 'Forhad ', 'Hossain, ', 'Dr. Mohammad  Forhad  Hossain, ', 'engr_forhad@yahoo.com', NULL, 0, 'M', NULL, 1, 1, '2016-07-25 16:24:32', NULL, NULL),
(637, 'c012', '70310013109f1f9e1cab4d008ec72f1f', 1, 74, 442, 3, 4, 'Dr. Md. ', 'Masud ', 'Reza,', 'Dr. Md.  Masud  Reza,', 'rezaedu10@yahoo.com', NULL, 0, 'M', NULL, 1, 1, '2016-07-25 16:44:32', 637, NULL),
(638, 'c013', '25d55ad283aa400af464c76d713c07ad', 1, 88, 443, 3, 4, 'Md. ', 'Rezaul ', 'Karim,', 'Md.  Rezaul  Karim,', 'tahrez2005@yahoo.com', NULL, 0, 'M', NULL, 1, 1, '2016-07-25 16:47:02', NULL, NULL),
(639, 'c014', 'b53346d7b9eb5253643958d82fbca755', 1, 39, 444, 3, 4, 'Mr. ', 'Khaled Bin', 'Chowdhury', 'Mr.  Rana  Karan,', 'mdkhaledchowdhury@ymail.com', NULL, 0, 'M', NULL, 1, 1, '2016-07-25 16:49:51', 639, NULL),
(640, 'c015', '25d55ad283aa400af464c76d713c07ad', 1, 81, 445, 3, 4, 'Dr ', '', 'Harun-Ar-Rashid ', 'Dr   Harun-Ar-Rashid ', 'harun.rashid@sub.edu.bd', NULL, 0, 'M', NULL, 1, 1, '2016-07-25 16:53:29', 1, NULL),
(641, 'c015', '25d55ad283aa400af464c76d713c07ad', 1, 81, 445, 3, 4, 'Dr ', '', 'Harun-Ar-Rashid ', 'Dr   Harun-Ar-Rashid ', 'harun.rashid@sub.edu.bd', NULL, 0, 'M', NULL, 0, 1, '2016-07-25 16:53:36', NULL, NULL),
(642, 'c015', '25d55ad283aa400af464c76d713c07ad', 1, 81, 445, 3, 4, 'Dr ', '', 'Harun-Ar-Rashid ', 'Dr   Harun-Ar-Rashid ', 'harun.rashid@sub.edu.bd', NULL, 0, 'M', NULL, 0, 1, '2016-07-25 16:53:52', NULL, NULL),
(643, 'c016', '25d55ad283aa400af464c76d713c07ad', 1, 64, 446, 3, 4, 'Dr.', ' Jagannath', ' Biswas', 'Dr.  Jagannath  Biswas', 'jbiswas.tex@green.edu.bd', NULL, 0, 'M', NULL, 1, 1, '2016-07-26 04:49:56', NULL, NULL),
(644, 'c017', '25d55ad283aa400af464c76d713c07ad', 1, 84, 447, 3, 4, 'Jude William', 'Ramiro', ' Genilo', 'Dr.  Jude W.  Genilo,', 'jude.genilo@ulab.edu.bd', NULL, 0, 'M', NULL, 1, 1, '2016-07-26 04:53:26', NULL, NULL),
(645, 'c018', '25d55ad283aa400af464c76d713c07ad', 1, 49, 448, 3, 4, 'Prof. Dr. ', 'Iqbal ', 'Hossain', 'Prof. Dr.  Iqbal  Hossain', 'ihossain48@yahoo.com', NULL, 0, 'M', NULL, 1, 1, '2016-07-26 04:55:12', NULL, NULL),
(646, 'c019', '25d55ad283aa400af464c76d713c07ad', 1, 93, 449, 3, 4, 'Mr Ekramul ', '', 'Farook', 'Mr Ekramul   Farook', 'ekramul.farook@yahoo.com', NULL, 0, 'M', NULL, 1, 1, '2016-07-26 05:05:04', NULL, NULL),
(647, 'c020', '25d55ad283aa400af464c76d713c07ad', 1, 42, 450, 3, 4, 'Prof. A.J.M. ', ' Nuruddin', 'Chowdhury', 'Prof. Dr. A.J.M. Chowdhury A.J.M.  Chowdhury', 'nuruddinchy@southern.edu.bd', NULL, 0, 'M', NULL, 1, 1, '2016-07-26 05:06:48', NULL, NULL),
(648, 'a016', '25d55ad283aa400af464c76d713c07ad', 1, 73, 451, 3, 4, 'Dr.', ' Nazmun ', 'Nahar', 'Dr.  Nazmun  Nahar', 'nazmun.nahar@northsouth.edu', NULL, 0, 'F', NULL, 1, 1, '2016-07-26 05:09:12', NULL, NULL),
(649, 'a017', '25d55ad283aa400af464c76d713c07ad', 1, 31, 452, 3, 4, 'Professor Dr.', 'Md.', 'Arifuzzaman', 'Professor Dr. Md. Arifuzzaman', 'larif67@yahoo.com', NULL, 0, 'M', NULL, 1, 1, '2016-07-26 05:11:24', 1, NULL),
(650, 'b020', 'b455a34180c41b9f31d0444ad5d3df83', 1, 62, 453, 3, 4, 'Dr.', 'Khairul', 'Alam', 'Dr. Muhammed  Shahriar , Haque', 'kalam@ewubd.edu', NULL, 0, 'M', NULL, 1, 1, '2016-07-26 05:16:40', 650, NULL),
(651, 'b021', '25d55ad283aa400af464c76d713c07ad', 1, 53, 454, 3, 4, 'Dr.  M. M. ', 'Enamul ', 'Aziz', 'Dr.  M. M.  Enamul  Aziz', 'enamulaziz99@gmail.com', NULL, 0, 'M', NULL, 1, 1, '2016-07-26 05:18:39', NULL, NULL),
(652, 'b-022', '25d55ad283aa400af464c76d713c07ad', 1, 41, 455, 3, 4, 'Dr.', 'Taufique ', 'Sayeed', 'Dr. Taufique  Sayeed', 'tsayeedctg@gmail.com', NULL, 0, 'M', NULL, 1, 1, '2016-07-26 05:46:28', 1, NULL),
(653, 'b023', '25d55ad283aa400af464c76d713c07ad', 1, 78, 456, 3, 4, 'Prof. Dr. ', 'Yasmin ', 'Ahmed', 'Prof. Dr.  Yasmin  Ahmed', 'iqccell.smuct@gmail.com', NULL, 0, 'M', NULL, 1, 1, '2016-07-26 05:49:21', 1, NULL),
(654, 'b024', '25d55ad283aa400af464c76d713c07ad', 1, 76, 457, 3, 4, 'Prof.Dr. ', 'Md. Sirajul', ' karim', 'Prof.Dr.  Md. Sirajul  karim', 'sirajulkarim_bau@yahoo.com', NULL, 0, 'M', NULL, 1, 1, '2016-07-26 05:52:21', NULL, NULL),
(655, 'cp3888', '25d55ad283aa400af464c76d713c07ad', 1, 25, 425, 3, 4, 'Prof. Dr. ', 'Zafar ', 'Iqbal,', 'Prof. Dr.  Zafar  Iqbal,', 'mzi@sust.edu', NULL, 0, 'M', NULL, 1, 1, '2016-07-27 06:14:34', NULL, NULL);

-- --------------------------------------------------------

--
-- Table structure for table `sa_user_group`
--

CREATE TABLE IF NOT EXISTS `sa_user_group` (
  `USERGRP_ID` int(11) NOT NULL AUTO_INCREMENT,
  `ORG_ID` int(11) DEFAULT NULL,
  `USERGRP_NAME` varchar(50) DEFAULT NULL,
  `ACTIVE_STATUS` tinyint(1) DEFAULT '1',
  `ENTERED_BY` int(10) DEFAULT NULL,
  `ENTRY_TIMESTAMP` datetime DEFAULT NULL,
  `UPDATE_BY` int(10) DEFAULT NULL,
  `UPDATED_TIMESTAMP` datetime DEFAULT NULL,
  PRIMARY KEY (`USERGRP_ID`),
  KEY `FK03_ORG_ID` (`ORG_ID`)
) ENGINE=InnoDB  DEFAULT CHARSET=utf8 AUTO_INCREMENT=7 ;

--
-- Dumping data for table `sa_user_group`
--

INSERT INTO `sa_user_group` (`USERGRP_ID`, `ORG_ID`, `USERGRP_NAME`, `ACTIVE_STATUS`, `ENTERED_BY`, `ENTRY_TIMESTAMP`, `UPDATE_BY`, `UPDATED_TIMESTAMP`) VALUES
(1, 1, 'Administrator', 1, 1, '2015-06-06 06:29:17', NULL, NULL),
(2, 1, 'UGC', 1, 1, '2015-06-06 06:30:33', NULL, NULL),
(3, 1, 'Sub Project', 1, 1, '2015-06-06 06:30:54', NULL, NULL),
(4, 1, 'HEQEP', 1, 1, '2015-06-06 06:31:34', NULL, NULL),
(5, 1, 'MoE', 1, 1, '2015-09-22 06:03:28', NULL, NULL),
(6, 1, 'HEQEP Admin 1', 1, 1, '2015-09-22 06:31:28', NULL, NULL);

/*!40101 SET CHARACTER_SET_CLIENT=@OLD_CHARACTER_SET_CLIENT */;
/*!40101 SET CHARACTER_SET_RESULTS=@OLD_CHARACTER_SET_RESULTS */;
/*!40101 SET COLLATION_CONNECTION=@OLD_COLLATION_CONNECTION */;
